class,TIC_ID,TESSMagnitude,StarTemp,StarRadius,StarLuminosity,NFluxRegions,MeanFluxSep
0,167169110,0.434421889,0.847240387,0.703120588,0.588271748,0.333333333,0
1,167600516,0.622760371,0.392545122,0.367309657,0.057266169,0.333333333,0
0,396742364,0.497438217,0.168715668,0.189358416,0.007342286,0.333333333,0
1,161477033,0.553133274,0.646089459,0.526565262,0.235985919,0.333333333,0
0,77111228,0.475827449,0.168715668,0.210401029,0.008557029,0.333333333,0
0,279251651,0.61129744,0.238032958,0.300487036,0.019948561,0.333333333,0
0,46029665,0.659267432,0.119278054,0.15161224,0.00423631,0,0
0,89328464,0.34825684,0.84514779,0.656836461,0.518558058,0.333333333,0
0,140943185,0.655240512,0.438399163,0.359549849,0.056578517,0.333333333,0
0,308183430,0.488157546,0.27386869,0.349575543,0.029418705,0.666666667,0.085055008
0,382099053,0.538823919,0.686494899,0.604808306,0.293735763,0.333333333,0
0,279674929,0.633605472,0.115877583,0.142452334,0.00382512,0.333333333,0
0,31673724,0.387257282,0.842793618,0.589563411,0.426356569,0.333333333,0
0,183799419,0.302416152,0.770782108,0.544931791,0.308507777,1,0.042055532
0,88478720,0.634157105,0.164530473,0.125508215,0.004119174,0.333333333,0
0,294092998,0.572936893,0.663926236,0.517307739,0.210122901,0.333333333,0
0,130824174,0.361827008,0.654329061,0.415859879,0.141408206,0.333333333,0
1,311183180,0.447870697,0.585754643,0.396825375,0.122557776,0.666666667,0.121206218
0,300136653,0.342310238,0.855610777,0.797850347,0.753672233,0.333333333,0
0,349054977,0.775915711,0.213444939,0.199229528,0.009652703,0.666666667,0.249757409
0,167201200,0.449988967,0.808788909,0.654988722,0.470123674,0,0
0,142017826,0.478067079,0.828482867,0.729776842,0.599401996,0.333333333,0
0,142087340,0.467453663,0.640120324,0.636839041,0.281653875,0.333333333,0
0,220391375,0.327504413,0.880939053,0.626219769,0.521369033,0.333333333,0
0,220433363,0.403563548,0.15537536,0.21144413,0.008103484,0.333333333,0
0,333680372,0.470984113,0.162961025,0.243784449,0.010390148,0.333333333,0
0,293936969,0.356542365,0.913680356,0.718739214,0.721149027,0.333333333,0
1,183537452,0.573929832,0.62437876,0.356521648,0.115526064,0.333333333,0
0,265373654,0.365246028,0.28956317,0.367119305,0.033906831,0.333333333,0
0,130297237,0.494549868,0.64452001,0.408249982,0.133310552,0.666666667,0.063081732
0,255564289,0.4005406,0.709652106,0.541209119,0.258299675,0,0
0,167600516,0.622760371,0.392545122,0.367309657,0.049904157,0.333333333,0
0,294927550,0.856917476,0.140465603,0.129613683,0.00381849,0.333333333,0
0,140581031,0.564651368,0.677177609,0.513366825,0.215359194,0.333333333,0
1,259377017,0.601312886,0.187287471,0.174365929,0.008202874,0.333333333,0
1,31374837,0.34451677,0.54276746,0.419992539,0.117906463,0.333333333,0
0,196466162,0.498948588,0.15877583,0.163202795,0.005685099,0.333333333,0
0,141412290,0.566813769,0.655767722,0.494768109,0.190202864,0.333333333,0
0,349412213,0.455229479,0.925974366,0.656132228,0.631826704,0.333333333,0
1,260304800,0.849470432,0.645827884,0.570337857,0.270722055,0.333333333,0
0,49644110,0.211893204,0.55898509,0.42921241,0.112106256,0.333333333,0
0,309623584,0.394759488,0.770337431,0.744795825,0.534268452,0.333333333,0
0,382257922,0.649547661,0.210306042,0.213229116,0.01051005,0.333333333,0
0,122574885,0.492180053,0.167930944,0.120020081,0.00395597,0.333333333,0
0,302964354,0.358616505,0.507193304,0.401432172,0.085167116,0.333333333,0
0,197594519,0.293347308,0.52262621,0.408333653,0.092048322,0.333333333,0
0,260638705,0.612080759,0.515040544,0.357907801,0.072405593,1,0.014947141
0,177309385,0.232921447,0.921360188,0.770796655,0.832754576,0.333333333,0
1,359496368,0.561341571,0.282762229,0.302239251,0.027744517,0,0
0,147946697,0.462086275,0.284593251,0.388429666,0.036476411,0.333333333,0
0,390531051,0.759355693,0.040020926,0.012881183,0.000208521,0.666666667,0.02143158
0,150439989,0.412687555,0.924666492,0.761557958,0.821419756,0.333333333,0
0,349191590,0.381884378,0.767983259,0.95552875,0.834357059,0,0
1,101230735,0.509421889,0.751216322,0.707562135,0.53109062,0.333333333,0
0,167895487,0.505770079,0.758566571,0.493627391,0.252023095,0.333333333,0
0,270340632,0.393259047,0.672236464,0.46556825,0.179822714,0.333333333,0
0,349273907,0.214563107,0.889552707,0.801092607,0.82607567,0.333333333,0
0,238069953,0.152173433,0.943719592,0.700275766,0.739977255,0.333333333,0
0,218970017,0.639099735,0.119539629,0.103507567,0.002581491,0,0
0,220028962,0.292872904,0.796201936,0.60538494,0.396110177,0.333333333,0
0,149931754,0.575308914,0.727177609,0.512600536,0.246896665,0.333333333,0
0,44678687,0.649371139,0.139419304,0.110230549,0.003091471,0.333333333,0
0,348762301,0.488503972,0.35940361,0.357567538,0.042367562,0.333333333,0
0,24695017,0.384201236,0.617316244,0.456420197,0.148282592,0.333333333,0
0,238192896,0.561838041,0.440230186,0.432570415,0.077210769,0.333333333,0
0,80417903,0.495860547,0.227831546,0.275140236,0.016649908,0.333333333,0
0,117628957,0.477644528,0.178917081,0.256939656,0.012105524,0.333333333,0
1,201248411,0.53538173,0.436829715,0.446327357,0.09226964,0,0
0,38469670,0.08027361,0.779068794,0.719241242,0.513652111,0.333333333,0
1,167418903,0.698455428,0.732118755,0.581120288,0.356431364,1,0.039640607
0,453833488,0.458735658,0.233847764,0.234933429,0.013423159,0.333333333,0
1,9804616,1,0.132618363,0.334385034,0.017067078,0,0
0,307574210,0.476732127,0.835731101,0.612183923,0.447287345,0.333333333,0
0,25081575,0.541979259,0.6873921,0.46528307,0.187506677,0.333333333,0
1,176957796,0.623808473,0.479989537,0.394953231,0.087031453,0.333333333,0
0,201874446,0.426654898,0.66963118,0.462854513,0.176740871,0.666666667,0.189696512
0,177038077,0.392597087,0.813497253,0.941499876,0.914886562,0.333333333,0
0,49669659,0.188195057,0.765333508,0.565825887,0.324540183,0.333333333,0
1,207081058,0.539276258,0.851948731,0.769088367,0.801445033,0.333333333,0
0,141024724,0.577934687,0.459325137,0.440533822,0.084923523,0.666666667,0.053081763
0,201792346,0.803740071,0.039497777,0.025051859,0.00034694,0.333333333,0
0,231286084,0.332325684,0.756212399,0.546436478,0.298156798,0,0
0,382572066,0.451710062,0.834946377,0.861900661,0.822688862,0.333333333,0
0,313936437,0.390633274,0.568469788,0.391531776,0.099140919,0.666666667,0.00727714
0,170636897,0.664320388,0.078995553,0.073860764,0.001377719,0.333333333,0
1,389924075,0.590666372,0.809199581,0.72894013,0.652687842,0.333333333,0
0,149347296,0.490269197,0.795448601,0.725405021,0.54446676,0.666666667,0.069951979
0,349945315,0.496546778,0.475935129,0.433643498,0.087419684,0,0
0,177308913,0.613217123,0.166361496,0.204219121,0.008102613,0.333333333,0
1,120896927,0.360536187,0.617106984,0.500323877,0.198601894,0.333333333,0
1,73649615,0.828287732,0.187549045,0.267289785,0.015379053,0.333333333,0
0,306735869,0.146182701,0.608608423,0.473099356,0.153528356,0,0
1,259377017,0.601312886,0.187287471,0.174365929,0.008202874,0.666666667,0.058041203
0,13060575,0.459973522,0.195919435,0.209763036,0.009631639,0,0
0,183532804,0.570024272,0.122155375,0.149519762,0.004217103,0,0
0,220433364,0.483239188,0.118231755,0.158229238,0.004470015,0.333333333,0
1,35009898,0.791890997,0.159037405,0.211735585,0.009518701,0.333333333,0
1,235037761,0.530549426,0.355218415,0.543039427,0.096545833,0.333333333,0
0,55663264,0.310900265,0.958932775,0.652046284,0.675961281,0.333333333,0
1,44797824,0.524029126,0.687941407,0.74896544,0.494072216,0.333333333,0
0,153027837,0.126147396,0.800439445,0.594739172,0.388275816,0.333333333,0
0,413248763,0.407451456,0.176301334,0.164455074,0.00623555,0.333333333,0
0,123366965,0.529266328,0.154329061,0.078737401,0.002252595,0.333333333,0
0,382627751,0.51162842,0.729419304,0.617092634,0.342724008,0.333333333,0
0,348898884,0.605450132,0.635888046,0.468998072,0.163960028,0.333333333,0
0,179583882,0.488967343,0.692532043,0.504565311,0.218324735,0.333333333,0
0,255563650,0.613305384,0.160083704,0.179607931,0.006541158,0.333333333,0
1,5868998,0.980736981,0.216583835,0.459714751,0.042036459,0.333333333,0
0,178351350,0.377173433,0.39576249,0.383365465,0.054136909,0,0
0,382624566,0.48380406,0.624640335,0.541975408,0.203139788,0.666666667,0.22742499
1,184240683,0.716968226,0.763732671,0.67621332,0.506674954,0,0
0,220411010,0.45440203,0.844101491,0.778780283,0.700866063,0.333333333,0
0,267537284,0.260734775,0.933798064,0.753553412,0.82385947,0.333333333,0
0,220459909,0.449856575,0.675647397,0.477293376,0.189380408,0.666666667,0.195962011
0,388182039,0.586595322,0.400993984,0.437420556,0.068646009,0.333333333,0
0,349273158,0.330869373,0.769552707,0.959782036,0.844699325,0.333333333,0
0,150431839,0.372274934,0.952393408,0.818719342,1,0.333333333,0
1,398943781,0.633241395,0.714098875,0.52697804,0.286410421,0,0
0,391893148,0.493523831,0.743703897,0.638366041,0.378182068,0.333333333,0
0,201882747,0.48417917,0.440230186,0.405488134,0.069332842,0.666666667,0.586178082
0,38707482,0.607127096,0.466387654,0.460040371,0.093534123,0.333333333,0
0,140691843,0.597992056,0.603557416,0.487257223,0.158994603,0.333333333,0
1,143350972,0.290600177,0.773073502,0.620934538,0.446824783,0.333333333,0
0,404452683,0.484981244,0.164268899,0.215287428,0.008672763,0.333333333,0
0,238872406,0.472694175,0.566309181,0.458961013,0.128316337,0.666666667,0.150702334
0,260191777,0.487621359,0.729008632,0.575740229,0.303252921,0.333333333,0
0,141899106,0.43037511,0.296887261,0.364092499,0.034426483,0.333333333,0
0,439411675,0.409234334,0.483913157,0.346202198,0.062017867,0.333333333,0
1,388106759,0.603431156,0.755582004,0.889958408,0.812678238,0.333333333,0
0,25132754,0.579490291,0.816897724,0.540628301,0.343340376,0.666666667,0.105893869
0,123480394,0.610469991,0.051268637,0.046254144,0.000688758,0.333333333,0
0,280046713,0.335094881,0.859272822,0.608899131,0.470244902,0.333333333,0
1,167342439,0.55635481,0.678320691,0.625250578,0.348918957,0.333333333,0
0,197602069,0.446899823,0.311273869,0.306638962,0.027634948,0.333333333,0
0,300708192,0.461639453,0.884645566,0.71744231,0.669524831,0.333333333,0
0,101955023,0.638724625,0.116400732,0.071205598,0.001646497,0.666666667,0.04242892
0,302444623,0.744869815,0.113523411,0.0534673,0.001205932,0.333333333,0
1,276128561,0.608395852,0.63667277,0.574960692,0.267340292,0,0
0,350434027,0.55701677,0.817682448,0.530124077,0.332598437,0.333333333,0
0,306512813,0.306917476,0.781436045,0.887517998,0.755411097,0.333333333,0
0,406345385,0.412919241,0.526811405,0.329318742,0.06578124,0.333333333,0
0,36879392,0.349336937,0.217106984,0.27927987,0.016280769,1,0.027345284
0,56665956,0.522703001,0.154329061,0.189387701,0.006867527,0.333333333,0
0,146663593,0.493451015,0.166884646,0.242168897,0.010472015,0.333333333,0
0,156918868,0.418601059,0.320952132,0.404785993,0.044970555,0.333333333,0
1,259701242,0.351632833,0.831545906,0.585076542,0.468808309,0.333333333,0
0,7151484,0.53309135,0.153544337,0.219243682,0.008477965,0.333333333,0
0,220423218,0.876003972,0.108291917,0.055268323,0.001207239,0.333333333,0
1,164767175,0.48640887,0.776353649,0.554065201,0.369500217,0.333333333,0
0,38583375,0.281376876,0.948323306,0.789497171,0.92746397,0.333333333,0
1,43647325,0.594991174,0.851687157,0.678751347,0.640678365,0.333333333,0
0,422382572,0.478720212,0.15877583,0.172246258,0.006128528,0.333333333,0
0,200363066,0.55934466,0.174993461,0.306309855,0.0156594,0.333333333,0
0,349645035,0.907105031,0.100967826,0.046998818,0.000986376,0.333333333,0
0,200748029,0.295487643,0.646361496,0.470425364,0.16990361,0.333333333,0
1,238898571,0.54136154,0.742610515,0.506222698,0.28901293,0.333333333,0
1,460984940,0.408859223,0.692649752,0.538304333,0.279889333,0.333333333,0
0,141914082,0.387279347,0.377713837,0.642047574,0.122439808,0.333333333,0
0,374996363,0.46548985,0.942715145,0.810122125,0.958782472,0.333333333,0
0,270559112,0.473598853,0.455924666,0.435521917,0.08236296,0,0
0,258322219,0.257325684,0.469513471,0.419524678,0.080976415,0.666666667,0.173126421
0,279245231,0.448488526,0.85691865,0.799551662,0.759070668,0.333333333,0
0,164752884,0.27022286,0.643473712,0.479576205,0.174078021,0.333333333,0
0,350655910,0.830692851,0.16714622,0.143802926,0.004981143,0.666666667,0.089327768
0,49934962,0.213669462,0.422882553,0.43886249,0.074520265,0.333333333,0
0,300291282,0.497164607,1,0.706732395,0.858174578,0.333333333,0
0,177284199,0.353078111,0.684540936,0.777880817,0.456845417,0.333333333,0
0,219150432,0.802184466,0.136803557,0.108179907,0.002980668,0.333333333,0
0,140940493,0.569660194,0.706317029,0.485545449,0.212499728,0,0
1,453211454,0.317530891,0.71782893,0.584331171,0.346055385,0.333333333,0
0,41230546,0.555560459,0.567878629,0.441590171,0.120837704,0,0
0,374909017,0.613172992,0.577295318,0.408536556,0.109256261,0,0
0,33949151,0.320906884,0.66239864,0.452710076,0.166780852,0.666666667,0.808220555
0,349518888,0.82923654,0.127125294,0.128081803,0.003516557,0,0
0,377018326,0.455847308,0.483390008,0.545408019,0.1323824,0.333333333,0
0,389214310,0.33940865,0.594658645,0.401897942,0.112089208,0.333333333,0
0,257720478,0.424106355,0.80928067,0.496557278,0.290962293,0.333333333,0
0,260795157,0.29576346,0.50462464,0.344297284,0.065773284,0.333333333,0
0,267083739,0.267928067,0.615576772,0.480642316,0.1610032,0,0
1,257567854,0.677096205,0.872874706,0.743840578,0.795416513,0.333333333,0
0,237920279,0.346006178,0.756735548,0.512952653,0.267793724,0.333333333,0
0,302411994,0.480206311,0.263928852,0.280151445,0.019887378,0.333333333,0
1,261257684,0.639695499,0.244572325,0.284589506,0.021629774,0.333333333,0
0,389790856,0.573819506,0.539958148,0.388167496,0.089452148,0.333333333,0
0,150389853,0.436860106,0.825791263,0.760344725,0.640729387,0.333333333,0
0,294874367,0.523168579,0.72749673,0.573026492,0.299530084,0.333333333,0
1,447283466,0.31532436,0.475542767,0.390606512,0.084214113,0.333333333,0
0,177022232,0.367508826,0.874182579,0.736609991,0.683897929,0.666666667,0.892492582
1,120585579,0.830626655,0.882552969,0.698748767,0.728625689,0.333333333,0
0,142105613,0.544582966,0.761111692,0.458471536,0.223892132,0.333333333,0
0,261262184,0.580097087,0.326183625,0.390629521,0.043249875,0.333333333,0
0,158111591,0.052383054,0.927805388,0.816397466,0.93816992,0.333333333,0
0,258054702,0.686209179,0.117185456,0.079094399,0.00185721,0.333333333,0
0,277533870,0.321612974,0.429244049,0.429630069,0.073511799,0.333333333,0
0,375063320,0.261154016,0.895108553,0.850507431,0.93329428,0.333333333,0
1,167415965,0.326687996,0.661828407,0.469940768,0.203375239,0.333333333,0
0,409858786,0.499682259,0.234109338,0.29411129,0.018972069,0.333333333,0
1,219229644,0.632314651,0.25268114,0.339461785,0.029570063,0.333333333,0
1,382626661,0.510701677,0.635364897,0.478862211,0.194486024,0.333333333,0
0,79611981,0.487961165,0.023280146,0.02193162,0.00025758,0.666666667,0.059744556
0,301083272,0.295862754,0.450693173,0.417319244,0.075355223,0,0
0,381949410,0.660900265,0.190164792,0.323350893,0.018264514,0.333333333,0
0,279362204,0.555571492,0.729958148,0.52691947,0.260827659,0.333333333,0
1,339733013,0.55510812,0.808223908,0.832692435,0.827303612,0.333333333,0
0,339961200,0.516935128,0.657598744,0.528903175,0.214357548,0.333333333,0
1,55650590,0.814585172,0.148312843,0.158550675,0.006007193,0.333333333,0
0,259999047,0.372908208,0.155113785,0.208176072,0.00790986,0.666666667,0.037908145
0,25155713,0.609697705,0.65779231,0.451240251,0.163692947,0.333333333,0
0,237924298,0.422528685,0.65954486,0.454603137,0.166586887,0.666666667,0.121325523
0,453101363,0.566835834,0.764582788,0.585150451,0.343380154,0.666666667,0.135385531
0,309781635,0.853883495,0.123724823,0.051504513,0.001236216,0.333333333,0
0,364588832,0.8875,0.11849333,0.10003312,0.002462301,0.333333333,0
1,316937670,0.783947485,0.168454094,0.188631871,0.008410555,0.333333333,0
0,149120706,0.480019859,0.719853518,0.700617424,0.417897126,0.333333333,0
0,257500724,0.221877758,0.649950301,0.503671423,0.19282101,0,0
0,38403917,0.653420124,0.197488883,0.072984308,0.002577524,0.333333333,0
0,29759170,0.604490291,0.469788125,0.437071926,0.086790814,0.333333333,0
0,259373187,0.72163504,0.132879937,0.084891419,0.002190258,0.333333333,0
1,260476837,0.854368932,0.52262621,0.474042052,0.135573325,0.333333333,0
0,350862394,0.499657988,0.684802511,0.496650711,0.207941933,0,0
0,234339269,0.442917034,0.54276746,0.45756719,0.118657115,0.333333333,0
1,261867566,0.609477052,0.669892754,0.61072665,0.326899809,0.333333333,0
0,130645531,0.119108561,0.644514779,0.504400757,0.190279768,0.333333333,0
0,157008163,0.62919241,0.146220246,0.189866021,0.006633026,0.333333333,0
1,200807066,0.425474404,0.809312059,0.783807528,0.743720226,0.333333333,0
1,150428135,0.646778464,0.177347633,0.205811663,0.009929395,0.333333333,0
0,123089572,0.184002648,0.623502485,0.391470417,0.116980759,0.333333333,0
0,52059019,0.450231686,0.5309966,0.343500316,0.071306964,0.333333333,0
0,188087957,0.349062224,0.444886215,0.299663572,0.04327753,0.333333333,0
0,100103200,0.40223632,0.270468219,0.273910967,0.019721069,0.333333333,0
0,452501166,0.268534863,0.707062516,0.551832574,0.265215355,0.333333333,0
0,33880047,0.396182701,0.786685849,1,0.953077178,0.666666667,0.174962334
0,314828399,0.39331421,0.871828407,0.69347748,0.610498149,0.333333333,0
0,291635915,0.113360547,0.727596129,0.62799081,0.35167897,0.333333333,0
0,33880418,0.934090909,0.079518703,0.049635159,0.000903771,0.333333333,0
0,382160241,0.506740953,0.693826838,0.554445208,0.257708689,0.333333333,0
1,172193428,0.587985437,0.833376929,0.759508013,0.74757137,0.333333333,0
0,358289822,0.380450132,0.396024065,0.402644708,0.05875153,0,0
0,308599430,0.568612092,0.406748627,0.396408413,0.059467533,0.666666667,0.364810209
0,364425576,0.4510812,0.888569187,0.695318247,0.639327688,0.333333333,0
0,389687183,0.679093116,0.085011771,0.074018345,0.001432185,0,0
0,20325431,0.363656222,0.190426367,0.229999617,0.010772925,0.333333333,0
0,286763141,0.515836275,0.191472665,0.239467014,0.01150018,0.666666667,0.082737045
1,63898957,0.440413725,0.804159037,0.805959482,0.771691914,0.333333333,0
1,176984236,0.609057811,0.868951086,0.815400384,0.929334405,0.333333333,0
1,89020549,0.635293469,0.650797803,0.569327527,0.273795913,0.333333333,0
0,262710157,0.57641218,0.180486529,0.201117011,0.008452469,0.333333333,0
0,25116423,0.759267432,0.176562909,0.197637683,0.008095566,0.333333333,0
1,360742636,0.683980583,0.752550353,0.63847063,0.444243357,0.333333333,0
0,45464138,0.614276258,0.22861627,0.244010361,0.013899548,0.333333333,0
0,287488930,0.505227273,0.166099922,0.189670789,0.007271178,0.666666667,0.068526147
0,220476607,0.149724184,0.741825791,0.516122397,0.259975274,0.333333333,0
1,243200602,0.600529568,0.729008632,0.651892887,0.432374942,0,0
0,290543478,0.095355252,0.707046822,0.526658695,0.244677813,0.333333333,0
0,375034557,0.065765666,0.810096783,0.642919149,0.456474156,0.333333333,0
0,273854802,0.380659753,0.82448339,0.581462643,0.397212595,0.333333333,0
1,460205581,0.538879082,0.860057546,0.615433155,0.550470222,0.333333333,0
0,441493794,0.463191748,0.222338478,0.249822722,0.014024602,0.333333333,0
0,278959348,0.475077229,0.892492807,0.666256445,0.598420807,0,0
0,92251004,0.380759047,0.637719069,0.423934151,0.139134044,0.333333333,0
0,231925611,0.295322154,0.784438922,0.591192907,0.368475871,0.333333333,0
1,55652896,0.7201015,0.57801988,0.472359563,0.160144807,0.333333333,0
1,399144800,0.616879965,0.688464557,0.603396354,0.337317109,0.333333333,0
0,260159741,0.493932039,0.763301072,0.771542723,0.558650438,0.333333333,0
0,38759628,0.601125331,0.13078734,0.155297957,0.004637272,0.333333333,0
0,344173871,0.37886143,0.659105415,0.527335734,0.214190101,0.333333333,0
0,150065945,0.579589585,0.697358096,0.427499939,0.167281297,0.333333333,0
0,220408612,0.297252868,0.714023019,0.744879496,0.458815373,0.333333333,0
0,219228930,0.671822595,0.126602145,0.169679644,0.005138701,0.666666667,0.035103666
0,139770629,0.140622242,0.580028773,0.428781503,0.119391302,0.333333333,0
0,150029272,0.411771845,0.839837824,0.70620945,0.58187697,0.666666667,0.080078082
1,406941612,0.600463372,0.174208737,0.210698062,0.01013017,0.666666667,0.016508399
0,306470049,0.425066196,0.940622548,0.740891168,0.812354173,0,0
0,410253727,0.432259488,0.567093905,0.466635058,0.132280114,0.333333333,0
1,150428135,0.646778464,0.177347633,0.205811663,0.009929395,0.666666667,0.053744707
0,388128620,0.358903354,0.745461679,0.751991549,0.508526439,1,0.01713806
0,260982587,0.633528244,0.64504316,0.392993233,0.125388301,0.666666667,0.143422937
0,259886044,0.307667696,0.810881507,0.609839735,0.416836381,0.333333333,0
0,306824150,0.628100177,0.265759874,0.330972643,0.026070614,0.333333333,0
0,279160979,0.488834951,0.653151975,0.669170993,0.319237593,0,0
0,290754629,0.343998235,0.83233063,0.661215255,0.50787105,0.333333333,0
0,167796443,0.30896955,0.849353911,0.885063642,0.895482502,0,0
0,260300455,0.435425861,0.761443892,0.544589436,0.300599164,0.333333333,0
0,349055189,0.593413504,0.476850641,0.436995925,0.088823277,0.333333333,0
1,407126408,0.504225508,0.563170285,0.424108466,0.127686232,0.333333333,0
0,150440176,0.355626655,0.78367774,0.972688321,0.898626854,0.333333333,0
0,38635641,0.660889232,0.381768245,0.362807448,0.047059466,0.333333333,0
0,382626661,0.510701677,0.635364897,0.478862211,0.169585387,0.333333333,0
0,219144853,0.541372462,0.590112477,0.508282404,0.164114214,0.333333333,0
0,157324520,0.087389673,0.71870259,0.551762151,0.273822924,0,0
0,176933645,0.726279788,0.208998169,0.258062942,0.013915194,0.333333333,0
0,13985155,0.305119153,0.809312059,0.609005114,0.414150423,0.333333333,0
1,100608026,0.643832745,0.308658122,0.345223943,0.037949026,0.666666667,0.06204638
1,279425357,0.72342233,0.854724039,0.721047145,0.718953951,0.666666667,0.13623771
0,38815302,0.534124007,0.695215799,0.560270119,0.26344088,0.666666667,0.177268094
0,278409390,0.375507502,0.855087628,0.713942065,0.616593645,0.333333333,0
0,140898575,0.182049868,0.72250327,0.755596384,0.48184112,0.333333333,0
0,300559291,0.728232568,0.145173947,0.141515216,0.004387845,0.333333333,0
0,176872276,0.71864519,0.385561078,0.278247925,0.031331039,0.333333333,0
0,260046328,0.338073698,0.823698666,0.68900107,0.534404834,0.333333333,0
1,61538902,0.697981024,0.826837562,0.699731903,0.634939438,0.333333333,0
0,38954437,0.871932921,0.056500131,0.064610911,0.001025647,0,0
1,118327550,0.584697705,0.154590636,0.197197712,0.008406507,0.333333333,0
0,396742365,0.320912401,0.269683495,0.356420545,0.02985433,0.333333333,0
0,220422429,0.563404678,0.618786293,0.45774011,0.1496555,0.333333333,0
0,375175035,0.606244484,0.260528381,0.313984598,0.023463037,0.333333333,0
0,373983838,0.436760812,0.988752289,0.778592023,0.994529585,0.333333333,0
1,178819686,0.494229921,0.707559508,0.545589307,0.298616027,0.333333333,0
0,231815113,0.872473522,0.055453832,0.05000122,0.000770234,0,0
0,300037819,0.487699691,0.266806173,0.314863145,0.0241751,0.333333333,0
1,380783252,0.522363195,0.62045514,0.571405363,0.252182299,0.333333333,0
0,169304011,0.579291703,0.162437876,0.121263993,0.003903274,0.333333333,0
0,150359500,0.518538173,0.122940099,0.167732196,0.004965042,0.333333333,0
0,157133425,0.288261253,0.604574941,0.500659259,0.167029748,0.333333333,0
0,290777240,0.888106796,0.072979336,0.040125925,0.000703487,0.333333333,0
0,278198742,0.532480141,0.842270468,0.519925951,0.342544439,0.333333333,0
1,89256802,0.959090909,0.103583573,0.270952492,0.010624585,0.333333333,0
0,370114320,0.750573698,0.137065132,0.191455077,0.006425575,0.333333333,0
1,278866211,0.575463372,0.894585404,0.639133027,0.64087485,0.333333333,0
0,454281030,0.51249669,0.246926498,0.289588163,0.019531536,0.666666667,0.162448965
0,235066737,0.300143425,0.640721946,0.516100085,0.195731998,0,0
0,31374837,0.34451677,0.54276746,0.419992539,0.102793671,0.333333333,0
0,38469800,0.533903354,0.830965211,0.650254326,0.491368885,0.333333333,0
1,70513361,0.340545013,0.650426367,0.505088256,0.222496525,0,0
0,294873759,0.429931598,0.786842794,0.916091718,0.811865473,0.333333333,0
1,369327947,0.56299647,0.129741041,0.113801218,0.003559969,0.333333333,0
0,279314081,0.28716902,0.600546691,0.462415239,0.144194177,0,0
1,178284730,0.58027361,0.662307089,0.502092826,0.227901552,0,0
0,123269276,0.519792586,0.235155637,0.254987327,0.015276016,0.333333333,0
0,167526213,0.31299647,0.739994769,0.67602506,0.414339841,0.333333333,0
0,38584697,0.503111209,0.614533089,0.458428306,0.148156439,0.666666667,0.007568918
1,300013921,0.640997352,0.688987706,0.469471512,0.219296561,0.333333333,0
0,220571983,0.332877317,0.39628564,0.392390103,0.056353488,0.333333333,0
0,309792357,0.550672992,0.618362543,0.525823377,0.189279258,0.333333333,0
1,204376737,0.709410856,0.670865812,0.48349411,0.218995924,0.333333333,0
1,150428135,0.646778464,0.177347633,0.205811663,0.009929395,0.333333333,0
1,9033144,0.518056046,0.820952132,0.749411687,0.706988975,0.333333333,0
0,206412735,0.156112092,0.880159561,0.709249504,0.648711495,0.333333333,0
0,220039253,0.522377538,0.183887,0.253970722,0.012159092,0.333333333,0
0,237933451,0.325915711,0.60497515,0.438992877,0.133890174,0.333333333,0
0,150064391,0.247958959,0.863769291,0.651369942,0.535465579,0.666666667,0.067818626
0,261091639,0.424304943,0.459063563,0.299514358,0.045373638,0.333333333,0
0,140658484,0.492883936,0.694713576,0.51435554,0.227008828,0.333333333,0
0,220412945,0.207082966,0.672008894,0.547659472,0.23721244,0.333333333,0
0,297025496,0.378519417,0.481789171,0.331163692,0.057357407,0.333333333,0
0,350298298,0.680593557,0.243787601,0.299643351,0.020341377,0.333333333,0
0,382258935,0.487202118,0.749411457,0.764988478,0.530033048,1,0.111094218
0,178776121,0.241681377,0.811493591,0.586628643,0.390113179,0.333333333,0
0,403121771,0.424352383,0.245618624,0.357965674,0.027260126,0,0
0,259962054,0.793744484,0.102798849,0.075446334,0.001624305,0.333333333,0
1,238176110,0.661573257,0.554381376,0.545515397,0.190526983,0.333333333,0
1,306996324,0.5172297,0.243526027,0.284997403,0.021584325,0,0
1,159510109,0.419737423,0.811927805,0.692808111,0.600332218,0,0
0,43866397,0.249746249,0.63819775,0.495992497,0.181529378,0.333333333,0
0,382157798,0.765721536,0.115092859,0.12186782,0.00309901,0.333333333,0
0,160301040,0.199327008,0.709390531,0.442386442,0.183159895,0.333333333,0
0,141768040,0.594715357,0.58462464,0.482863089,0.147884055,0.333333333,0
0,59605887,0.096888791,0.556892493,0.525973288,0.157219749,0,0
0,151956235,0.18853707,0.763526027,0.518795692,0.27805113,0.333333333,0
0,300290733,0.509521183,0.822652367,0.568379254,0.380005792,0.333333333,0
0,146249749,0.345300088,0.595605545,0.398159233,0.11069054,0.333333333,0
0,278775329,0.580130185,0.557007586,0.528804164,0.158735857,0.333333333,0
0,143047975,0.335536187,0.39330892,0.352700663,0.046850347,0.666666667,0.019088051
0,279949279,0.604766108,0.70599006,0.448319429,0.185539752,0.333333333,0
0,177307808,0.585834069,0.396259482,0.305646761,0.037679826,0.333333333,0
1,72985822,0.793457635,0.857985875,0.768342299,0.812284288,0.333333333,0
1,219345200,0.365898058,0.756892493,0.957906407,0.933015481,0.333333333,0
0,307216840,0.330880406,0.791812713,0.730501992,0.546110915,0.333333333,0
0,289113766,0.800286849,0,5.93E-05,0,0.333333333,0
0,339730183,0.470752427,0.706774784,0.464522359,0.197398505,0.333333333,0
0,7445600,0.455649823,0.234894062,0.284681544,0.018087218,0.666666667,0.088159343
0,141611276,0.368446602,0.841485744,0.636797205,0.486428843,0.333333333,0
1,183120439,0.743623124,0.784985613,0.817415466,0.752943787,0.333333333,0
1,167754523,0.452978817,0.567617055,0.421266434,0.128006927,0.333333333,0
0,328324098,0.284256399,0.314412765,0.392837744,0.041737555,0.333333333,0
0,150151262,0.535977493,0.441538059,0.415689747,0.072573797,0.333333333,0
0,219221189,0.487953442,0.152498038,0.199034992,0.007316335,0.333333333,0
1,52204645,0.640633274,0.549306827,0.431251198,0.125765307,0,0
0,382268851,0.803144307,0.129479466,0.091525849,0.002346797,0.666666667,0.037549884
0,41231040,0.862643425,0.115616008,0.096663959,0.002326272,0.333333333,0
1,377064495,0.494207855,0.686371959,0.499441146,0.24182031,0.666666667,0.055254464
0,60178082,0.444616064,0.250588543,0.363388963,0.028513851,0.666666667,0.126355692
0,294205605,0.525308914,0.747842009,0.675662484,0.422818226,0.333333333,0
1,380589029,0.798466461,0.881245095,0.713509763,0.753841634,0.333333333,0
1,200593988,0.80087158,0.205336123,0.238718854,0.013997083,0.666666667,0.010123274
0,349304574,0.490600177,0.698409626,0.5333503,0.24411486,0.333333333,0
1,55383975,0.685315534,0.664127648,0.63967689,0.34884794,0.333333333,0
0,280313260,0.319191306,0.273083965,0.341754376,0.028272456,0.333333333,0
0,280793604,0.284410856,0.777651059,0.517685654,0.287626629,0.333333333,0
0,232048034,0.472517652,0.362464033,0.332317658,0.038077606,0.333333333,0
1,33521996,0.914662401,0.244049176,0.329466561,0.027201422,0,0
0,177237464,0.621083407,0.245618624,0.266494211,0.01707504,0.333333333,0
0,58462925,0.439548764,0.205074549,0.229358137,0.011443809,0.333333333,0
0,177036977,0.957623566,0.032696835,0.042219797,0.000540394,0.333333333,0
0,234334027,0.425893645,0.551399425,0.466096075,0.125762593,0.333333333,0
1,355703913,0.897528685,0.685210568,0.569251526,0.301952398,0.333333333,0
0,32873869,0.386760812,0.655244572,0.468615974,0.173186995,0.333333333,0
0,134200185,0.480406002,0.427151452,0.437558613,0.075252179,0.333333333,0
0,25080867,0.521524713,0.803557416,0.567253876,0.360469896,0.333333333,0
0,269885278,0.141206973,0.728872613,0.533293822,0.265493422,0.333333333,0
1,123702439,0.561518094,0.896939576,0.58776936,0.556534075,0.333333333,0
0,246897668,0.462338923,0.156421658,0.234358887,0.009496129,0.333333333,0
1,230982885,0.543005296,0.753335077,0.699885301,0.523842207,0.666666667,0.084564466
0,38679565,0.842718447,0.167407795,0.121655853,0.004014046,0.333333333,0
0,261207354,0.55701677,0.550797803,0.479277081,0.131600858,0.333333333,0
0,293970254,0.40157767,0.758006801,0.494033197,0.251997334,0.666666667,0.024530047
0,166675170,0.315677405,0.771122155,0.58239976,0.346551025,0.333333333,0
1,309792357,0.550672992,0.618362543,0.525823377,0.217066027,0.333333333,0
1,306996324,0.5172297,0.243526027,0.284997403,0.021584325,0.666666667,0.021950836
0,279356932,0.635458959,0.353125817,0.385462127,0.046802993,0.333333333,0
0,444385201,0.387160194,0.254773738,0.371857884,0.030120691,0.666666667,0.11551763
1,74534430,0.529203442,0.373267068,0.343912396,0.048033088,0.333333333,0
0,150360085,0.620697264,0.351556369,0.372411509,0.043976864,0.333333333,0
1,259377017,0.601312886,0.187287471,0.174365929,0.008202874,0.666666667,0.02336849
0,394700874,0.490798764,0.890923359,0.577642354,0.463978929,0.333333333,0
0,358460382,0.511275375,0.730907664,0.710211723,0.441301711,0.333333333,0
0,356209404,0.399602824,0.635888046,0.442150071,0.148467086,0.333333333,0
0,278727563,0.590059576,0.502223385,0.375346277,0.075055183,0.333333333,0
0,206542524,0.688007502,0.092074287,0.096230263,0.00203326,0.333333333,0
0,33105293,0.395194175,0.175778185,0.272446023,0.013068075,0.333333333,0
0,32001057,0.218159753,0.845391054,0.891966518,0.899206475,0,0
1,279251651,0.61129744,0.238032958,0.300487036,0.022920558,0.333333333,0
0,63974991,0.630075022,0.131310489,0.097473478,0.002552877,0.333333333,0
0,167888770,0.440103707,0.664661261,0.607874158,0.278556499,0.333333333,0
0,266997586,0.339805825,0.676955271,0.515465578,0.216734375,0.666666667,0.452315388
0,453976070,0.38886143,0.258435783,0.356373829,0.028521087,0.333333333,0
1,370133522,0.559212268,0.188333769,0.185962062,0.009020293,0.333333333,0
0,332710428,0.29314872,0.506147005,0.438530594,0.09832566,0.333333333,0
0,260947637,0.413636364,0.672430029,0.602220076,0.280169211,0.333333333,0
1,101011575,0.391074581,0.491498823,0.352819894,0.075206414,0.333333333,0
0,219410598,0.466251103,0.636934345,0.537669826,0.207710842,0.333333333,0
0,375058105,0.376522507,0.339523934,0.376555326,0.042818,0.333333333,0
0,178872239,0.526569947,0.170808266,0.22731656,0.009690321,0.333333333,0
1,270507305,0.720079435,0.821606069,0.801720141,0.799606225,0.333333333,0
1,98796344,0.418704766,0.148574418,0.105752047,0.003575807,0.333333333,0
1,134200185,0.480406002,0.427151452,0.437558613,0.086328714,0.333333333,0
0,155897369,0.581487202,0.196704159,0.193104795,0.008573167,0.333333333,0
0,66437824,0.205637688,0.691085535,0.50920209,0.220869766,0.333333333,0
0,177313167,0.864331421,0.099659953,0.083414622,0.001789323,0,0
0,235048515,0.463185128,0.213444939,0.248606003,0.01339952,0.333333333,0
0,79564094,0.492933583,0.255296887,0.249943348,0.016114232,0.333333333,0
0,234994474,0.461383495,0.243264452,0.329610197,0.023621997,0.333333333,0
0,279429722,0.57309135,0.522241695,0.424312763,0.097988874,0.333333333,0
1,383390264,0.40934466,0.940884122,0.712275613,0.868661993,0.333333333,0
1,77044471,0.905759047,0.797018049,0.738018456,0.646508445,0.333333333,0
1,50312495,0.525783319,0.721135234,0.707729477,0.48960498,0.666666667,0.067693867
0,231055581,0.465768976,0.12241695,0.114110802,0.002959321,0.333333333,0
1,328350926,0.358903464,0.722992414,0.917597799,0.786669763,0.333333333,0
0,44568897,0.885767873,0.001831023,0,2.85E-06,0.333333333,0
0,234517584,0.343435569,0.348417473,0.402925703,0.049484026,0.333333333,0
1,160148385,0.757259488,0.717760921,0.691866809,0.465891913,0.333333333,0
1,238932509,0.828000883,0.583049961,0.543075684,0.206448355,0.333333333,0
0,50587969,0.165136805,0.470878891,0.395859669,0.073886848,0.666666667,0.036301937
0,231098372,0.508781995,0.825791263,0.711745695,0.569273044,0,0
0,231076815,0.416206973,0.77138373,0.942573657,0.821116686,0.333333333,0
0,141024799,0.39538835,0.832069056,0.684141167,0.53914788,0.333333333,0
0,167309586,0.563470874,0.639092336,0.454358399,0.156876523,0.333333333,0
1,270468559,0.718446602,0.79597175,0.899085543,0.921330889,0.333333333,0
0,376935746,0.837356575,0.074025634,0.044401524,0.000780236,0.333333333,0
1,122613513,0.601654898,0.417734763,0.418878318,0.07768542,0.666666667,0.008359678
1,73228647,0.487091792,0.772168454,0.601292023,0.421330905,0,0
0,28796187,0.470414828,0.153805912,0.236071358,0.009485408,0.333333333,0
0,279246287,0.266670344,0.663510332,0.553010246,0.235459558,0.333333333,0
1,260004324,0.562113857,0.20402825,0.264807539,0.016294336,0.333333333,0
0,300704414,0.502184466,0.699973843,0.440173339,0.176934078,0,0
0,149302552,0.538382613,0.625163484,0.543618152,0.204519136,0,0
1,52280468,0.801467343,0.143342924,0.263723299,0.012322888,0.333333333,0
0,294208421,0.70951015,0.198273607,0.171327269,0.007291787,0.333333333,0
1,1003831,0.620289056,0.715145174,0.695638987,0.467043246,0.333333333,0
1,286132427,0.337566196,0.784663877,0.595965653,0.428751857,0.333333333,0
1,14661418,0.820035305,0.49921266,0.466432155,0.122344833,0.333333333,0
0,201287746,0.516205869,0.147789694,0.141655365,0.004449975,0.333333333,0
0,206592394,0.315875993,0.727439184,0.529197419,0.260967071,0.333333333,0
0,452465896,0.563801853,0.076641381,0.08823757,0.001674357,0.333333333,0
0,333606239,0.144097529,0.746010986,0.528354431,0.273728593,0.333333333,0
0,382200572,0.32902692,0.85113785,0.784330473,0.722622705,0.666666667,0.145178711
0,300867814,0.444152692,0.907925713,0.670816526,0.628989211,0.333333333,0
0,149218497,0.435977493,0.852157991,0.696629096,0.585869918,0.333333333,0
0,176958231,0.341295234,0.813497253,0.605567622,0.41452926,0.333333333,0
0,55295368,0.53201677,0.52309966,0.486248287,0.123606249,0.333333333,0
0,206402844,0.167409532,0.828684279,0.667908952,0.512223894,0.333333333,0
1,425997655,0.40859444,0.522364635,0.395408542,0.100043711,0.333333333,0
1,102195674,0.694472639,0.884645566,0.768223765,0.867765994,0.333333333,0
0,31012605,0.595752427,0.556473973,0.43309824,0.112924166,0.333333333,0
1,44647437,0.870531774,0.320167408,0.382479945,0.046861039,0.333333333,0
0,269849487,0.399635922,0.591459587,0.439293397,0.128709949,0.333333333,0
0,349643650,0.6804391,0.192518964,0.234021413,0.011159984,0.333333333,0
0,272088966,0.569417476,0.831284332,0.568789243,0.388984243,0.333333333,0
0,141621885,0.806729921,0.133403087,0.132351126,0.003788752,0.333333333,0
0,177117623,0.593512798,0.65341355,0.509239742,0.198455462,0.333333333,0
0,9210746,0.406058032,0.154329061,0.300425677,0.013824273,0.333333333,0
1,55559618,0.628993822,0.69369605,0.479141812,0.23001922,0.333333333,0
0,260949184,0.303298764,0.608441015,0.49610894,0.166355039,0.333333333,0
0,306829151,0.463184025,0.82893016,0.671743882,0.517770076,0.333333333,0
0,170274241,0.428089144,0.562385561,0.484209499,0.13880938,0.333333333,0
0,142149242,0.515081642,0.736643997,0.644041738,0.376847044,0,0
0,260843977,0.409819064,0.675908972,0.56235144,0.251109338,0.333333333,0
0,349274787,0.530052957,0.714098875,0.66986128,0.379782278,0.333333333,0
0,140477186,0.529958076,0.24928067,0.221497227,0.013120582,0.333333333,0
0,271596225,0.735503089,0.206905572,0.243634538,0.012632146,0.333333333,0
0,349683816,0.813294351,0.126078996,0.069428282,0.001691488,0.333333333,0
1,286864983,0.643612092,0.599006016,0.481868797,0.176506173,0.333333333,0
1,220475245,0.845123566,0.531781324,0.519786499,0.163327669,0.333333333,0
0,38468952,0.488128861,0.808579649,0.793952663,0.662573162,0.666666667,0.431963974
0,291466351,0.466438658,0.528380853,0.399715518,0.090501528,0.666666667,0.084622275
0,391904670,0.428353928,0.677216845,0.691671577,0.362638362,0.333333333,0
0,410486078,0.454920565,0.629348679,0.597637683,0.244120543,0,0
0,31814908,0.372495587,0.917603976,0.77668153,0.836595989,0,0
0,306573721,0.50332083,0.678263144,0.574400095,0.262275197,0.333333333,0
1,229811538,0.798609885,0.898770599,0.712819476,0.785697365,0.666666667,0.2131164
0,149422364,0.554225508,0.538582265,0.451236068,0.114391404,0.333333333,0
1,362249359,0.562477935,0.288778446,0.334023156,0.033303821,0.333333333,0
0,176954932,0.593700353,0.139419304,0.172477749,0.005598307,0.333333333,0
1,351601843,0.669770521,0.289040021,0.317986871,0.030820091,0.666666667,0.063202847
0,151517553,0.337654457,0.746241172,0.525479628,0.271341159,0.333333333,0
0,349096321,0.66092233,0.464556631,0.350628406,0.05935767,0.666666667,1
0,55367907,0.615180936,0.487653675,0.426193971,0.088269038,0.333333333,0
0,150301109,0.825088261,0.165053623,0.147219501,0.005089339,0.333333333,0
0,67655714,0.458558032,0.193303688,0.251539376,0.012493075,0.333333333,0
0,158067487,0.371403354,0.704159037,0.516912393,0.235059506,0.333333333,0
0,220407807,0.995542807,0.021710698,0.016484624,0.000195538,0.333333333,0
0,293218142,0.511849073,0.784462464,0.541323469,0.316225077,0.333333333,0
1,294395926,0.647440424,0.725085012,0.650344969,0.425967274,0.333333333,0
0,309755442,0.47396293,0.873476327,0.805673606,0.802102828,0.333333333,0
0,32550424,0.618159753,0.15537536,0.101457622,0.003027174,0.333333333,0
0,219223742,0.602195499,0.070886738,0.027937121,0.000505249,0.666666667,0.362939253
1,33878688,0.676125331,0.615309966,0.449964963,0.165050838,0.333333333,0
0,176957796,0.623808473,0.479989537,0.394953231,0.075865138,0.333333333,0
0,220421191,0.315666372,0.776855872,0.794015416,0.609880643,0.333333333,0
0,114550378,0.504908429,0.169238818,0.187258966,0.007243485,0.333333333,0
0,364588501,0.458274492,0.729531781,0.764611957,0.501775553,0.333333333,0
0,364537524,0.900253751,0.148312843,0.081897384,0.002280523,0.333333333,0
0,38583537,0.562444837,0.570494376,0.455985107,0.128559929,0.333333333,0
0,31675050,0.514860989,0.560816113,0.450923695,0.122461402,0.333333333,0
0,177117281,0.522120477,0.840962595,0.567487458,0.397102732,0.333333333,0
0,30848801,0.391548985,0.773476327,0.795256539,0.606152882,0,0
0,348839628,0.648598853,0.21187549,0.24943644,0.013376676,0.333333333,0
0,150358147,0.535569285,0.58749673,0.429878991,0.122652715,0.333333333,0
0,151006728,0.468136584,0.170546691,0.243658245,0.01074796,0.333333333,0
0,54003038,0.59701015,0.125032697,0.119271224,0.003173057,0.333333333,0
0,388130597,0.466438658,0.752811928,0.650672682,0.4008608,0,0
1,458478250,0.520656443,0.806173162,0.584597524,0.438547664,0.333333333,0
1,50618703,0.507789056,0.36725085,0.375913149,0.054288824,0.666666667,0.140286007
1,154872375,0.43918248,0.864504316,0.71808379,0.731401687,0.333333333,0
0,167303382,0.272848632,0.632953178,0.436160607,0.143875575,0.333333333,0
0,141185142,0.700485437,0.196704159,0.228102372,0.010940523,0.333333333,0
1,170102285,0.740346425,0.583311535,0.53199901,0.199396313,0.333333333,0
0,319289907,0.28575684,0.889615485,0.720370803,0.682731109,0.333333333,0
0,259592855,0.503883495,0.520795187,0.478780632,0.119514803,0.333333333,0
0,294054503,0.554953663,0.84514779,0.565772895,0.399235587,0.333333333,0
0,141028962,0.790103707,0.116662307,0.148035993,0.004046285,0.666666667,0.06332394
1,184952758,0.439883054,0.742087366,0.589974794,0.37600131,0.666666667,0.259457756
0,249076418,0.196160635,0.537797541,0.365141178,0.080406643,0.333333333,0
0,300384626,0.545642101,0.579419304,0.516133553,0.163105749,0.333333333,0
0,167042097,0.817575022,0.083965472,0.080117976,0.001559008,1,0.034131771
1,260271203,0.92956752,0.88150667,0.803386592,0.933381232,0.333333333,0
0,153742066,0.621480583,0.164268899,0.164072975,0.005877132,0.333333333,0
0,120454069,0.437481244,0.222076903,0.259016096,0.014803302,0.333333333,0
0,188043641,0.207093998,0.598744442,0.464726657,0.144629083,0.333333333,0
0,170867837,0.406674757,0.487052053,0.314032708,0.053646314,0.333333333,0
0,160004049,0.113989409,0.638624117,0.562761429,0.225878756,0.333333333,0
0,362253884,0.589849956,0.086581219,0.080764337,0.001598108,0.333333333,0
0,382246984,0.602691968,0.657075595,0.442553088,0.158111533,0.333333333,0
0,150185581,0.335933363,0.656290871,0.550564258,0.228870436,0.333333333,0
0,219394387,0.327471315,0.756829715,0.593560803,0.344816328,0.333333333,0
0,272003260,0.507744925,0.848548261,0.527038701,0.356248888,0.333333333,0
0,1252178,0.240191968,0.775937745,0.638331178,0.412199409,0,0
0,388934726,0.565875993,0.116400732,0.157627503,0.004405651,0.333333333,0
0,234298029,0.115787732,0.829191734,0.619295976,0.44888604,0.333333333,0
0,41029088,0.49825684,0.858155899,0.583877952,0.435774471,0.333333333,0
0,55556732,0.54048985,0.537797541,0.504098146,0.137708099,0.333333333,0
0,207148580,0.789883054,0.08945854,0.06683029,0.00131301,0.333333333,0
0,220432478,0.561915269,0.750211875,0.603448649,0.348668727,0.333333333,0
1,164767175,0.48640887,0.776353649,0.554065201,0.369500217,0.333333333,0
0,306470369,0.358781995,0.759874444,0.900933283,0.733169543,0.333333333,0
0,394634714,0.442475728,0.541666231,0.431350907,0.107098781,0,0
0,260995123,0.427460282,0.65681402,0.485396933,0.184665395,0.333333333,0
0,179013510,0.23380406,0.799186503,0.616834648,0.412536575,0.666666667,0.063413716
0,234299476,0.439971315,0.488883076,0.407496244,0.082257265,0.666666667,0.111297973
0,282501711,0.389977935,0.107768768,0.0950247,0.002184098,0.333333333,0
0,220389494,0.484830097,0.693400471,0.516452898,0.227759306,0.333333333,0
0,231801885,0.577394086,0.772953178,0.463130628,0.235040564,0.333333333,0
0,358510502,0.454313769,0.684540936,0.514064085,0.220400007,0.333333333,0
0,350655701,0.919119594,0.119016479,0.080785254,0.001921329,0,0
0,302047241,0.512180053,0.43264452,0.434231985,0.075715118,0.333333333,0
1,29960109,0.678784201,0.165838347,0.225005142,0.01074444,0,0
1,201793781,0.376919682,0.7574418,0.695304302,0.523489892,0.333333333,0
0,281582749,0.520189762,0.701004447,0.616074635,0.315974287,0.333333333,0
1,201604954,0.763779788,0.728223908,0.689914481,0.477050581,0.333333333,0
1,234112540,0.930637688,0.895631703,0.800946182,0.961119451,0.333333333,0
0,150272656,0.492078553,0.94423751,0.747354769,0.832235569,0.333333333,0
0,219234564,0.166008385,0.467172378,0.404463859,0.075617378,0.666666667,0.047848826
0,279361150,0.508009709,0.756343186,0.547949532,0.299690332,0.333333333,0
1,37749396,0.380770079,0.32252158,0.344368404,0.039860999,0.333333333,0
0,229098638,0.312842012,0.567930944,0.468289656,0.133417385,0.333333333,0
0,177161030,0.504004854,0.799115878,0.726025582,0.550543314,0,0
0,267324071,0.37038835,0.690034005,0.552056394,0.25308384,0.333333333,0
0,364393429,0.462477935,0.830761182,0.685507797,0.539261531,0.333333333,0
1,36734222,0.669748455,0.342139681,0.441619456,0.064643538,0.333333333,0
1,1133072,0.835966461,0.171331415,0.258875947,0.013617299,0.333333333,0
0,260269838,0.408925419,0.826366728,0.953597339,0.968056416,0.333333333,0
0,7723060,0.681067961,0.100183102,0.06704156,0.001404886,0.333333333,0
0,55606252,0.581807149,0.575464295,0.514494992,0.16027318,0.333333333,0
0,344081664,0.19804722,0.700442061,0.553644753,0.261859612,0.333333333,0
0,389020089,0.270189762,0.66749673,0.477845606,0.185401855,0.666666667,0.081128264
1,177115354,0.717519859,0.746050222,0.601497017,0.39311706,0.333333333,0
0,349767833,0.487389673,0.779267591,0.652157846,0.431872444,0.333333333,0
0,181015118,0.434766108,0.135234109,0.187308471,0.006170769,0.333333333,0
0,238633709,0.487565093,0.162437876,0.213719987,0.008507287,0.333333333,0
1,149788158,0.656707855,0.218938007,0.260021545,0.016894913,0.333333333,0
0,278901225,0.806928508,0.172639289,0.11372452,0.003783334,0,0
0,37300889,0.338989409,0.5932226,0.442350882,0.13090948,0.333333333,0
0,112603237,0.630681818,0.07376406,0.119556403,0.002417977,0.333333333,0
0,468889408,0.721226831,0.080041852,0.031657701,0.000601667,0.333333333,0
0,140142136,0.56021624,0.203243526,0.232194591,0.011563143,0.666666667,0.043039901
0,309616959,0.604148279,0.41250327,0.389746093,0.059009139,0.333333333,0
0,358176584,0.682171227,0.223384776,0.28133609,0.016914716,0,0
0,179517557,0.707921447,0.218938007,0.264396155,0.015074626,0.666666667,0.116382786
1,425997655,0.40859444,0.522364635,0.395408542,0.100043711,0.333333333,0
0,158382161,0.299260812,0.710983521,0.497219675,0.22415353,0.666666667,0.038685848
0,21505943,0.698510591,0.108291917,0.116990486,0.002837112,0,0
0,260472324,0.599779347,0.46507978,0.439773809,0.08632598,0.333333333,0
0,238135340,0.455990733,0.71043683,0.524253147,0.245050589,0.666666667,0.043408903
0,38570936,0.583517211,0.656829715,0.497928092,0.192867986,0.333333333,0
0,260046359,0.529997793,0.578080042,0.592397773,0.206234512,0.666666667,0.051440969
1,309257814,0.729788173,0.622547737,0.685368345,0.349364505,0,0
0,150299548,0.424304943,0.837038975,0.746762098,0.638403324,0.333333333,0
1,348770361,0.711451898,0.672770076,0.600072515,0.319582305,0.333333333,0
0,72748794,0.066780671,0.668846456,0.450575763,0.168538658,0.333333333,0
0,60552999,0.403254634,0.30630395,0.357306763,0.034633707,0.333333333,0
1,290348383,0.255770079,0.522887784,0.471255103,0.134337495,1,0.027683565
0,201292718,0.353993822,0.593947162,0.434937613,0.127535174,0,0
0,358403148,0.749856575,0.20402825,0.207528317,0.009827801,0.333333333,0
0,259377017,0.601312886,0.187287471,0.174365929,0.007111991,0,0
0,234507537,0.550739188,0.18781062,0.184299097,0.007707523,0.333333333,0
0,206686962,0.040269197,0.471177086,0.396158794,0.074052022,0.333333333,0
1,394698182,0.763614298,0.825791263,0.764584067,0.742048539,0,0
1,50309953,0.52325684,0.678786293,0.549361484,0.278794904,0.333333333,0
0,453099619,0.336937335,0.662045514,0.58522715,0.258721701,0.333333333,0
0,220616718,0.201886584,0.675647397,0.517666828,0.217516295,0.333333333,0
0,117546088,0.346226831,0.644616793,0.395596105,0.126599445,0.333333333,0
0,397125777,0.377129303,0.756047607,0.533526707,0.285980958,0.333333333,0
0,382265694,0.531608561,0.865812189,0.541799001,0.390166216,0.333333333,0
1,19519368,0.555781112,0.572984567,0.469636065,0.156164134,0.333333333,0
0,259698709,0.281398941,0.718294533,0.764312135,0.486212906,0,0
0,281669975,0.335282436,0.695265498,0.431831319,0.169124341,0.333333333,0
0,290468468,0.212797882,0.519748888,0.407803038,0.091010686,0.333333333,0
1,120610833,0.711904237,0.649228355,0.523238634,0.235558838,0.666666667,0.024377106
0,220478211,0.469980141,0.728223908,0.561347385,0.289581809,0.333333333,0
0,149478846,0.472208738,0.900340047,0.754871233,0.762161983,0,0
0,158072072,0.341107679,0.768435783,0.536744562,0.29868414,0.333333333,0
0,100104021,0.408737864,0.490714099,0.363766181,0.068697531,0.333333333,0
0,176932113,0.642122683,0.366570756,0.248288749,0.024584775,0.333333333,0
0,358049328,0.248521624,0.910643474,0.739120127,0.752547085,0.333333333,0
0,350520348,0.373323036,0.57964949,0.543550518,0.178436169,0.333333333,0
0,349677687,0.454578553,0.919173424,0.804327894,0.894448275,0.333333333,0
0,72923291,0.443065975,0.200627779,0.307108218,0.017608102,0.333333333,0
0,176935123,0.81935128,0.023541721,0.00879245,0.000124169,0.333333333,0
1,123482865,0.488184025,0.783416165,0.939700945,0.966502719,0.333333333,0
0,41533357,0.113128861,0.833539105,0.828376395,0.762794642,0.333333333,0
1,70899085,0.627217564,0.251896416,0.337101559,0.029146016,0.333333333,0
0,30186108,0.86515887,0.080826576,0.116009441,0.002418007,0.333333333,0
0,54257694,0.456977052,0.200366205,0.216220362,0.010270321,0.333333333,0
1,101955023,0.638724625,0.116400732,0.071205598,0.001936434,0.333333333,0
1,229047362,0.680681818,0.763798064,0.524672201,0.325308973,0.333333333,0
0,269634384,0.625970874,0.125294272,0.088462785,0.002205836,0.333333333,0
0,370137704,0.294296117,0.6990531,0.560900442,0.266800033,0.666666667,0.05662365
0,307218058,0.583462048,0.275176563,0.283042285,0.021146597,0,0
0,278199738,0.921226831,0.003138896,0.002646102,2.61E-05,0.333333333,0
0,442916792,0.224702118,0.784161653,0.557096888,0.332063897,0.333333333,0
0,167006493,0.385238305,0.746010986,0.598060222,0.339373568,0.666666667,0.123384872
0,393385130,0.309852162,0.613392624,0.520777306,0.183446675,0.333333333,0
0,158624542,0.403431156,0.270468219,0.353430694,0.029541334,0.333333333,0
1,263003176,0.263603266,0.910201413,0.706418628,0.795015352,0.333333333,0
0,149424264,0.54879744,0.899032174,0.618968264,0.534067668,0.666666667,0.032927592
0,23556171,0.417165711,0.294271515,0.348425064,0.03172556,0.333333333,0
0,389444166,0.580703883,0.350771645,0.449650498,0.059966841,0.333333333,0
0,237878575,0.371756399,0.906068533,0.539449234,0.427690077,0.333333333,0
0,350656478,0.586882171,0.639126341,0.484302234,0.174777356,0.333333333,0
0,231079905,0.459543248,0.906144389,0.647214272,0.587820931,0.666666667,0.035954812
0,54237857,0.267464695,0.581090766,0.494227035,0.152214926,0.333333333,0
0,350518799,0.557502207,0.70371436,0.546817879,0.258644039,0.333333333,0
0,272129171,0.494969109,0.699450693,0.54642323,0.255272384,0.333333333,0
0,316976676,0.768038394,0.111169239,0.092893874,0.002165254,0.333333333,0
0,287405060,0.439651368,0.756212399,0.614045608,0.365312198,0.666666667,0.061928088
0,300810872,0.662930274,0.261313105,0.304941831,0.02247268,0.333333333,0
0,46825125,0.532926964,0.171331415,0.181427082,0.006991634,0.333333333,0
0,141186075,0.175860547,0.853560031,0.679232456,0.562094072,0.333333333,0
0,370101728,0.226003972,0.713083965,0.67345217,0.382331855,0.333333333,0
0,316935835,0.332270521,0.509285901,0.425685668,0.094510766,0,0
1,131081852,0.541670455,0.851687157,0.792767321,0.845872469,0.666666667,0.140191769
0,437265653,0.473280009,0.239863981,0.228568839,0.013214912,0.333333333,0
0,31410749,0.359234334,0.813784986,0.762736328,0.624765172,0,0
0,88481300,0.179181377,0.772445723,0.583172324,0.348574775,0.333333333,0
0,282086296,0.327725066,0.861888569,0.728305623,0.649923775,0.333333333,0
0,350583319,0.507436011,0.636149621,0.564312833,0.225329441,0.333333333,0
0,278683844,0.466802736,0.605283809,0.484855162,0.158479384,0.333333333,0
0,348898049,0.629633716,0.630371436,0.3936124,0.120443713,0.333333333,0
0,149444341,0.778552515,0.140988752,0.161367606,0.005139762,0.333333333,0
0,20180572,0.328387026,0.758187287,0.579648372,0.332048365,0.333333333,0
0,436248822,0.247188879,0.292963641,0.342519271,0.030703191,0.333333333,0
0,141029787,0.373025154,0.748995553,0.633875685,0.378880644,0.333333333,0
0,55452503,0.48837158,0.66518441,0.568197269,0.247972942,0.666666667,0.109818311
1,251848941,0.592696381,0.398378237,0.374094695,0.060236346,0.333333333,0
0,177385959,0.709796999,0.121109077,0.124456747,0.003285159,0.333333333,0
0,300710088,0.482700794,0.940360973,0.67557184,0.688697801,0.333333333,0
0,300038122,0.575937776,0.750980905,0.555410216,0.302397127,0.333333333,0
0,260351540,0.35618932,0.578341617,0.623660825,0.2258708,0.333333333,0
0,370281600,0.422084069,0.234894062,0.297510433,0.019381858,0.333333333,0
0,176982916,0.616879965,0.371959194,0.367449806,0.046368466,0.333333333,0
0,55758485,0.378618711,0.924404918,0.747054948,0.793059975,0.333333333,0
1,125405602,0.676820388,0.194611562,0.226076134,0.01231255,0.333333333,0
0,398271125,0.304523389,0.601098614,0.454271241,0.140170543,0.333333333,0
0,288158059,0.361341571,0.558723516,0.429456451,0.112121788,0.666666667,0.035115922
1,238004786,0.612091792,0.545644782,0.480300659,0.149066737,0.333333333,0
0,306669607,0.617586055,0.466780016,0.430162078,0.083663888,0.333333333,0
1,253990973,0.51706752,0.780800419,0.667657938,0.518311008,0,0
0,350335082,0.595344219,0.436306566,0.427248228,0.074621036,0.333333333,0
0,300510333,0.509631509,0.645817421,0.583788702,0.245849179,0,0
0,279327066,0.44472639,0.460371436,0.308137374,0.047646664,0.333333333,0
0,306735585,0.776456311,0.189118493,0.187910904,0.007970095,0.666666667,0.058821219
0,300939511,0.511948367,0.84070102,0.520144891,0.341430277,0.333333333,0
1,259592689,0.564805825,0.627779231,0.578553673,0.263313717,0.333333333,0
0,251823163,0.444482568,0.195134711,0.278112656,0.014705524,0.333333333,0
0,167338863,0.696171668,0.171854564,0.225036519,0.009590914,0.333333333,0
0,278521477,0.471546778,0.609730578,0.500716435,0.169651304,0.333333333,0
0,219238878,0.634190203,0.148574418,0.170750635,0.005768026,0.333333333,0
1,360156606,0.96582083,0.062516348,0.221027971,0.006305641,0.333333333,0
1,271596225,0.735503089,0.206905572,0.243634538,0.014531964,0.333333333,0
0,349965094,0.378706973,0.794140727,0.910555472,0.818415574,0.333333333,0
1,439456714,0.737389673,0.222861627,0.278086858,0.019052197,0,0
0,294667668,0.569847749,0.691603453,0.491548161,0.208258642,0.333333333,0
0,179040880,0.567872904,0.249019095,0.362920404,0.028271206,0,0
0,291471120,0.450099294,0.675647397,0.525446159,0.223160596,0.333333333,0
0,139898417,0.213283319,0.766439969,0.577178676,0.336935369,0,0
1,231728511,0.711473963,0.172116139,0.191275881,0.008724402,0.333333333,0
0,326197647,0.312312445,0.63381899,0.473263909,0.165488258,0.666666667,0.027389358
0,373985178,0.97288173,0.042898247,0.028056353,0.000396583,0.333333333,0
0,274012205,0.570322154,0.219199581,0.238566154,0.012905364,0,0
0,9964140,0.462857458,0.191995815,0.244278109,0.01187932,0.666666667,0.037811606
1,437333618,0.819086496,0.772953178,0.693240412,0.54270676,0.333333333,0
0,293936312,0.43538173,0.81964949,0.611863184,0.428856897,0,0
0,399618009,0.511974846,0.145173947,0.211656795,0.007735633,0,0
0,300157969,0.502647838,0.452524196,0.386932648,0.066916616,0.333333333,0
1,271596225,0.735503089,0.206905572,0.243634538,0.014531964,0.333333333,0
1,1528696,0.895939982,0.484697881,0.459217604,0.113649366,0.333333333,0
0,167892002,0.54788173,0.324352603,0.361535646,0.037834392,0.333333333,0
0,140894185,0.446491615,0.547475804,0.458035051,0.120626313,0.333333333,0
0,78012819,0.357711827,0.548129741,0.411050178,0.10086463,0.333333333,0
0,382159772,0.515545013,0.63915773,0.693840056,0.326921177,0.333333333,0
0,167343765,0.58505075,0.509024326,0.387056063,0.080680164,0.333333333,0
0,197907719,0.403839365,0.811666231,0.585064688,0.388472812,0.333333333,0
0,167123841,0.555770079,0.735074549,0.59492813,0.326449903,0.333333333,0
0,309703910,0.693038394,0.217106984,0.262613958,0.014802052,0.333333333,0
0,201881092,0.538586717,0.136803557,0.147454478,0.00445077,0.333333333,0
0,19193730,0.280781112,0.680355742,0.481442771,0.194762932,0.333333333,0
0,391039604,0.58276699,0.021449124,0.004463162,7.92E-05,0.333333333,0
0,148337392,0.470123566,0.333246142,0.380405596,0.042523264,0.666666667,0.106217005
0,141407201,0.560028685,0.448600575,0.425567134,0.077302827,0.333333333,0
0,219147916,0.587786849,0.190687941,0.244223026,0.011806659,0.333333333,0
0,349275562,0.4505406,0.834423228,0.698867301,0.563336659,0,0
0,207241048,0.691262136,0.17996338,0.143116125,0.005255573,0.333333333,0
0,140760006,0.71266549,0.208736594,0.242892653,0.012674425,0.333333333,0
0,177236338,0.717332304,0.15537536,0.219507944,0.008566007,0,0
0,279055830,0.465048544,0.816113,0.640660026,0.460751233,0.666666667,0.079707643
0,272544968,0.636010591,0.3057808,0.276883387,0.023066167,0.333333333,0
0,349156098,0.522131509,0.74423751,0.67034239,0.412892682,0.333333333,0
0,38708042,0.548665049,0.638412242,0.447215666,0.152450563,0.333333333,0
0,144370079,0.531416593,0.087889092,0.045724227,0.000882442,0.333333333,0
0,131799991,0.768733451,0.030865812,0.029816237,0.000373796,0.333333333,0
0,237915249,0.542950132,0.496468742,0.426016867,0.090785656,0.333333333,0
0,38843695,0.657093998,0.446769553,0.366634709,0.060091857,0.333333333,0
0,394134589,0.445739188,0.234370913,0.268962512,0.016524475,0.666666667,0.064707595
1,299799658,0.488768756,0.631964426,0.532045029,0.230547935,0.333333333,0
0,7244844,0.248113416,0.789775046,0.639872122,0.429322867,0.333333333,0
0,114308371,0.654435128,0.113784986,0.073520501,0.001680077,0.333333333,0
0,271946648,0.606763019,0.107507193,0.093333845,0.002134425,0.333333333,0
0,261156988,0.606906443,0.278053884,0.346453212,0.029483258,0.666666667,0.219829133
0,80677028,0.537188879,0.247711222,0.264309695,0.017007342,0.333333333,0
0,286757549,0.734576346,0.135495684,0.064311787,0.00164502,0.333333333,0
0,294208238,0.627559576,0.392100445,0.387857215,0.054468392,0.333333333,0
1,238086647,0.376820388,0.802249542,0.81480074,0.78316513,0.333333333,0
0,234991587,0.299988967,0.417473189,0.386436896,0.059206514,0.333333333,0
0,160116798,0.30390556,0.654075334,0.480523782,0.180101539,0.333333333,0
0,370113676,0.595476611,0.627313628,0.459266413,0.154329598,0.333333333,0
0,349194688,0.518512798,0.419644258,0.468042128,0.082135658,0.333333333,0
0,141121236,0.373841571,0.651059377,0.473587438,0.174193188,0.333333333,0
0,31871195,0.542806708,0.417211614,0.424899159,0.069218054,0.333333333,0
0,302002907,0.461827008,0.642427413,0.438622632,0.149306969,0.333333333,0
0,118608254,0.492451456,0.138896155,0.210796376,0.007463173,0.666666667,0.427677249
0,270415707,0.342583848,0.223646351,0.226292982,0.012154811,0.333333333,0
0,200781244,0.272749338,0.478396547,0.369824674,0.067763318,0.666666667,0.018982086
1,264979636,0.562157988,0.80434214,0.632878604,0.501562489,0.666666667,0.032721383
0,341337808,0.382700794,0.860580696,0.598454872,0.457716744,0.333333333,0
0,166788138,0.535433583,0.117185456,0.243498572,0.008353631,0.333333333,0
0,300449121,0.475551633,0.875490453,0.645917368,0.543212807,0.333333333,0
0,272002097,0.628067079,0.266283024,0.318140965,0.024524957,0.333333333,0
0,358290716,0.173852604,0.743395239,0.580942486,0.320327888,0.333333333,0
0,126584063,0.098565755,0.77460633,0.608351782,0.377455079,0.333333333,0
0,38515255,0.614276258,0.362804081,0.350131956,0.041464792,0.333333333,0
0,49772010,0.410039718,0.240387131,0.306245707,0.020758894,0.333333333,0
0,392011927,0.531233451,0.75124248,0.668641075,0.418878315,0.333333333,0
0,279741379,0.214651368,0.474111954,0.405232937,0.077627491,0.333333333,0
0,142082642,0.450319947,0.733664661,0.663704473,0.394212201,0,0
0,388107335,0.41283098,0.743656814,0.730404376,0.480314405,0.666666667,0.021222825
0,316781121,0.153872462,0.63907141,0.464047525,0.1625481,0.333333333,0
0,277298771,0.595410415,0.275699712,0.424123108,0.040752199,0.333333333,0
0,271795905,0.525308914,0.787088674,0.680236511,0.475029621,0.333333333,0
0,257659158,0.366637246,0.52654983,0.444669969,0.107442008,0.333333333,0
0,149988104,0.669373345,0.124771122,0.11235022,0.002937447,0.333333333,0
0,41031598,0.61370256,0.2448339,0.262766658,0.016655098,0.333333333,0
1,73723286,0.448345102,0.744179963,0.942782835,0.875711342,0.333333333,0
0,29832209,0.244494704,0.758998169,0.698867301,0.462630267,0.333333333,0
0,446764926,0.608373786,0.19565786,0.149483505,0.005984229,0.666666667,0.038350548
0,166841803,0.319814651,0.776157468,0.50704407,0.276479712,0.333333333,0
0,101101072,0.300198588,0.563104891,0.411209154,0.105733829,0,0
1,255685030,0.611098853,0.7345017,0.551695911,0.327804852,0,0
0,271642710,0.605185349,0.720115093,0.448442147,0.193015733,0,0
0,141096635,0.543347308,0.741825791,0.527834275,0.270188735,0.333333333,0
0,141805493,0.504247573,0.757520272,0.587583192,0.339405012,0.333333333,0
0,350654290,0.536231244,0.625686634,0.490067878,0.171451919,0.333333333,0
0,328426362,0.519073257,0.185194873,0.198228262,0.008455159,0.333333333,0
1,307610438,0.415048544,0.782631441,0.711550462,0.583233381,0.333333333,0
0,36892736,0.412356575,0.486790479,0.310904102,0.05276135,0.333333333,0
0,307290964,0.742972198,0.132356788,0.108836726,0.00293564,0,0
1,299798795,0.718027361,0.150667015,0.195315109,0.008140122,0,0
1,211438925,0.573720212,0.774182579,0.961811063,0.984313554,0.333333333,0
0,382525982,0.394494704,0.640716715,0.450273152,0.155243733,0.333333333,0
1,204317710,0.959267432,0.745749411,0.617273922,0.411030552,0.666666667,0.075066001
0,355276484,0.227515446,0.800847502,0.642012711,0.444536984,0.333333333,0
0,439410069,0.199911739,0.684279362,0.510195686,0.217406054,0.333333333,0
0,350522060,0.542420565,0.721462202,0.63351311,0.351187239,0.666666667,0.027589729
0,259540794,0.3739188,0.603060424,0.513866761,0.173852613,0,0
1,32497972,0.715600177,0.278838608,0.334304152,0.03206165,0.333333333,0
0,124403080,0.241328332,0.607334554,0.522233185,0.181036131,0.666666667,0.104355863
0,167415965,0.326687996,0.661828407,0.469940768,0.177338298,0.333333333,0
0,231728497,0.6630406,0.145435522,0.206697881,0.007478933,0.333333333,0
1,32499655,0.937488967,0.529427151,0.530905706,0.168127598,0.333333333,0
0,219380615,0.480041924,0.633533874,0.483911769,0.171712181,0.333333333,0
1,140691463,0.768843778,0.738163746,0.684831455,0.483740876,0,0
0,287588319,0.502747132,0.707559508,0.479122986,0.208466623,0.333333333,0
1,413248763,0.407451456,0.176301334,0.164455074,0.007197989,0.333333333,0
0,307715447,0.472087379,0.343709129,0.430386596,0.054271018,0.333333333,0
0,376985172,0.832678729,0.140465603,0.122813305,0.003561563,0.333333333,0
0,141029712,0.716560018,0.188333769,0.113150674,0.004049695,0.333333333,0
0,272188493,0.447914828,0.733455402,0.524885562,0.261582682,0.333333333,0
0,380024477,0.215368491,0.881409888,0.76357304,0.742632906,0.333333333,0
0,207144018,0.44082083,0.344232278,0.413322549,0.050825111,0.333333333,0
0,273418879,0.337284863,0.165053623,0.208525399,0.008303965,0.333333333,0
1,452866790,0.678442189,0.134187811,0.160539958,0.005708867,0,0
0,89148220,0.334774934,0.461689772,0.401344318,0.073298892,0,0
0,81483251,0.439493601,0.193565263,0.269380868,0.013897919,0.333333333,0
0,307210830,0.481533539,0.160345279,0.132392265,0.004325148,0.333333333,0
0,149420149,0.577482348,0.617054669,0.45739148,0.148699314,0.333333333,0
0,149348488,0.57097308,0.653151975,0.556044025,0.230735075,0.333333333,0
0,220478522,0.497098411,0.75250327,0.607221523,0.354675197,0.333333333,0
0,220017951,0.034311562,0.620585927,0.464523754,0.154234888,0.333333333,0
0,229047482,0.228056046,0.384514779,0.528997305,0.08946124,0.333333333,0
0,358174909,0.502526478,0.585142558,0.517771417,0.166872531,0.333333333,0
1,154089169,0.574481465,0.591420351,0.442317414,0.149309016,0.333333333,0
0,238949177,0.107049868,0.788477635,0.703518026,0.506177646,0.333333333,0
1,30122649,0.553629744,0.611561601,0.494296761,0.191364044,0.333333333,0
0,454012528,0.57026699,0.088935391,0.059861176,0.001163225,0,0
0,220536759,0.393435569,0.743648967,0.528596381,0.272200741,0.333333333,0
0,257719099,0.417387467,0.59979074,0.456344893,0.140696749,0.333333333,0
1,425997655,0.40859444,0.522364635,0.395408542,0.100043711,0.333333333,0
0,287353701,0.407689762,0.785770337,0.662058939,0.451193161,0.666666667,0.075407329
0,177236218,0.611827008,0.553353387,0.449896631,0.119202641,0.333333333,0
0,167698166,0.56478376,0.656649228,0.572389894,0.245093019,0.333333333,0
1,307210830,0.481533539,0.160345279,0.132392265,0.005007646,0.333333333,0
0,176521059,0.035447926,0.76353649,0.555572677,0.31290646,0,0
0,38698692,0.247958959,0.764122417,0.671011759,0.436312421,0.333333333,0
0,391925508,0.44755075,0.855767722,0.838612173,0.825098269,0,0
0,52687259,0.043744484,0.912932252,0.743645346,0.765067667,0.333333333,0
0,143980902,0.316791703,0.582683756,0.36196725,0.091098197,0.333333333,0
0,231074610,0.488823919,0.88945854,0.63415459,0.544368262,0.666666667,0.046002277
0,349374765,0.536108782,0.142296626,0.109038234,0.003094789,0,0
0,220422671,0.52325684,0.773214753,0.556596952,0.322095165,0,0
0,150100106,0.946359223,0.0609469,0.055180468,0.000888644,0.333333333,0
0,197889083,0.462400706,0.715406749,0.52810272,0.251584779,0.333333333,0
0,167485954,0.361694616,0.482866858,0.331623884,0.057689269,0.333333333,0
0,237915132,0.754291703,0.133664661,0.092038335,0.002414685,0,0
0,144155897,0.324922771,0.586803557,0.454746773,0.134496693,0.333333333,0
0,142082942,0.87167917,0.119278054,0.119139442,0.003075988,0.333333333,0
0,150139182,0.492578332,0.247972796,0.313276879,0.022207152,0.333333333,0
0,349568905,0.916791703,0.121893801,0.076320001,0.001831616,0,0
0,278992816,0.489143866,0.559246665,0.586326032,0.19117875,0.333333333,0
0,141157180,0.58135481,0.797541198,0.537359546,0.323131665,0.333333333,0
1,366989877,0.373830538,0.857964949,0.729776842,0.740591383,0.333333333,0
0,167756732,0.299492498,0.36725085,0.38221917,0.048615351,0.666666667,0.011853327
0,279088395,0.344108561,0.832069056,0.722915802,0.594791543,0.333333333,0
0,350744678,0.355869373,0.901386346,0.761118684,0.775516007,0.333333333,0
0,334415465,0.553177405,0.096521057,0.035372703,0.000743845,0.333333333,0
0,260267208,0.360392763,0.814106722,0.552131001,0.353505725,0.333333333,0
0,375273873,0.438713592,0.804865289,0.596172739,0.394428138,0,0
0,372914091,0,0.825286424,0.653350161,0.488368492,0.333333333,0
0,22870872,0.378795234,0.754381376,0.534293693,0.285410429,0.333333333,0
0,31870141,0.215545013,0.903656814,0.805527181,0.863698029,0.333333333,0
0,55780996,0.515070609,0.724823437,0.602800894,0.324823175,0.333333333,0
0,272322827,0.261815975,0.87318598,0.650658736,0.547122411,0.666666667,0.041195146
0,25132720,0.725981906,0.228354695,0.244809421,0.013952926,0.333333333,0
0,31799716,0.547109444,0.957964949,0.398423495,0.290628159,0.333333333,0
0,271642286,0.928078111,0.072194612,0.045236842,0.000784316,0.333333333,0
0,260351252,0.545774492,0.614438922,0.595722309,0.232312933,0.333333333,0
0,358106285,0.485293469,0.578864766,0.447567085,0.127822711,0.333333333,0
0,100940603,0.315214034,0.618006801,0.483487835,0.163800537,0.333333333,0
1,270380593,0.626974846,0.554538321,0.504185304,0.166468015,0.333333333,0
0,231017428,0.502563989,0.186764321,0.253861949,0.012307937,0.333333333,0
0,128902569,0.345379523,0.301595606,0.350276289,0.032927612,0.333333333,0
1,92226327,0.689684466,0.091551138,0.063624986,0.001494516,0.333333333,0
0,198076363,0.619770521,0.406251635,0.334191893,0.044976995,0.333333333,0
0,140687446,0.489872021,0.713209521,0.529792182,0.2514412,0.333333333,0
0,117768715,0.259808032,0.685215799,0.54096717,0.241071658,0.333333333,0
0,238870740,0.303839365,0.474496469,0.401088423,0.076416726,0.333333333,0
1,78055054,0.860359665,0.608422705,0.525435003,0.210489017,0,0
0,149935360,0.504093116,0.522309704,0.398666839,0.088386099,0.333333333,0
0,382145732,0.507469109,0.875490453,0.647730244,0.545902554,0.333333333,0
0,260371854,0.532314651,0.532827622,0.462622326,0.117155024,0.333333333,0
0,152965017,0.293755516,0.848919697,0.627969892,0.48363681,0.333333333,0
0,55522986,0.5510812,0.736071148,0.602374868,0.334535433,0.666666667,0.087896637
0,304217972,0.336617387,0.625741564,0.460874294,0.154525835,0.333333333,0
0,308841571,0.505806487,0.211352341,0.243688924,0.012882634,0.333333333,0
0,232028066,0.332237423,0.759843055,0.62783044,0.383551712,0.333333333,0
0,231064564,0.442784643,0.389223123,0.36031823,0.047798199,0.333333333,0
0,262577790,0.445675199,0.671723777,0.529579517,0.223682256,0,0
0,150249155,0.333340688,0.958932775,0.802480154,0.979455638,0.333333333,0
0,425940518,0.294902913,0.566515825,0.449204252,0.123835446,0.333333333,0
1,280206394,0.465975397,0.878367774,0.811718851,0.943585234,0.333333333,0
0,299942685,0.478033981,0.687698143,0.603351032,0.293488761,0.333333333,0
0,238034112,0.873620918,0.077426105,0.035883795,0.000656784,0.333333333,0
0,167814656,0.116460724,0.686314413,0.515552038,0.222604463,0,0
0,299832383,0.556023831,0.606068533,0.495246429,0.164692321,0.333333333,0
0,177351052,0.539982348,0.738841224,0.60044276,0.335172259,0.333333333,0
0,219244444,0.836496028,0.284593251,0.047995203,0.002624925,0,0
0,77156672,0.578133274,0.324614177,0.224558199,0.018088696,0.333333333,0
0,350820908,0.834112974,0.122678525,0.125762018,0.003356899,0.333333333,0
0,348957793,0.529324801,0.757813236,0.643741916,0.398667331,0.333333333,0
0,111267568,0.335525154,0.525372744,0.462498911,0.114367537,0.333333333,0
1,76923707,0.597705207,0.506670154,0.47503495,0.129272517,0.666666667,0.051294796
0,319470216,0.451323919,0.542479728,0.616667306,0.198218688,0,0
0,425864448,0.344549868,0.595349202,0.45896938,0.140179635,0.666666667,0.107059222
0,38459760,0.689397617,0.167930944,0.22802149,0.009608265,0.333333333,0
1,62483237,0.476147396,0.415642166,0.401930016,0.072014994,0.333333333,0
0,52121796,0.251820388,0.668399163,0.606048732,0.280064273,0.333333333,0
0,220022156,0.277305825,0.589173424,0.462136335,0.139197688,0.333333333,0
0,238186581,0.458980583,0.781323568,0.571606174,0.344629182,0.333333333,0
0,269076634,0.476930715,0.221815328,0.238403693,0.013037503,0.333333333,0
1,233087860,0.540500883,0.4493853,0.396112775,0.078947195,0.666666667,0.027389358
0,79054590,0.363184025,0.487797541,0.408135631,0.082178087,0.333333333,0
0,388205695,0.386760812,0.806434737,0.705393656,0.532972828,0.333333333,0
0,356838394,0.76233451,0.074287209,0.059730091,0.001057405,0.333333333,0
1,172464366,0.666758605,0.839916296,0.882685985,0.997622742,0.333333333,0
0,220424856,0.577360989,0.552335862,0.430332907,0.110294655,0.333333333,0
0,365779699,0.538133274,0.132356788,0.092306781,0.002406419,0.333333333,0
0,260355230,0.590103707,0.510044468,0.520439832,0.133160533,0.333333333,0
1,192826603,0.978210503,0.284070102,0.30929134,0.028921654,0.333333333,0
0,220457593,0.612974404,0.541203244,0.479619435,0.127866657,0.333333333,0
0,340637365,0.262610327,0.659952917,0.55272437,0.232863763,0.333333333,0
0,340007359,0.621348191,0.288778446,0.324062795,0.027631917,0.333333333,0
0,20210161,0.367586055,0.721106461,0.506895554,0.238212571,0.333333333,0
0,257526400,0.576467343,0.127910018,0.165503056,0.004994061,0.333333333,0
1,12862099,0.811065755,0.696834946,0.58543842,0.327563943,0.666666667,0.042750956
0,167813804,0.472252868,0.653936699,0.512539177,0.200966018,0.333333333,0
0,294093302,0.640214034,0.10175255,0.121108504,0.00286563,0.333333333,0
0,277103955,0.468325243,0.48182056,0.459605978,0.098287398,0.333333333,0
0,364540782,0.340423654,0.917865551,0.778271283,0.840213888,0.333333333,0
0,73305532,0.553938658,0.188333769,0.205109522,0.009010952,0.333333333,0
0,141544861,0.433914387,0.858488098,0.659039803,0.53947368,0.333333333,0
0,279615427,0.57902692,0.375205336,0.198379567,0.0182841,0.666666667,0.055619589
1,408159788,0.614232127,0.719591943,0.504380537,0.26973238,0.666666667,0.08095281
1,151825527,0.731034863,0.220507455,0.292697943,0.020431256,0.333333333,0
1,52368076,0.568259047,0.64452001,0.507592117,0.220582929,0.333333333,0
0,167721744,0.739872021,0.16714622,0.154489135,0.005485262,0.333333333,0
0,150247721,0.545311121,0.587457494,0.479056747,0.147168052,0.333333333,0
0,66409287,0.136838041,0.5506147,0.431438064,0.110176078,0.333333333,0
0,219152539,0.300110327,0.619782893,0.650135791,0.275214015,0.333333333,0
0,300443382,0.510845102,0.564140727,0.474516886,0.1348528,0,0
0,55758201,0.57798985,0.266544598,0.32144807,0.024959142,0.333333333,0
0,220389296,0.466504854,0.823698666,0.595349275,0.413078312,0.666666667,0.069519752
0,294779080,0.355792145,0.821082919,0.676854799,0.514326442,0.333333333,0
0,348998165,0.444947043,0.90164792,0.672957115,0.622931598,0.333333333,0
0,167571315,0.656487202,0.326105153,0.317714939,0.030942086,0,0
1,158588995,0.753375993,0.155636934,0.207545749,0.009099408,0.333333333,0
0,469970578,0.538941968,0.16766937,0.180724941,0.0068365,0,0
0,71094440,0.08521624,0.827949255,0.62576655,0.455712693,0,0
0,101534291,0.449890777,0.156683233,0.259420507,0.011103991,0.333333333,0
0,38516712,0.501610768,0.882814544,0.725223733,0.679476894,0.333333333,0
0,358402782,0.3815203,0.691865027,0.639976712,0.329336645,0.333333333,0
0,359271092,0.289159312,0.243002877,0.279595031,0.018191815,0.333333333,0
1,63898957,0.440413725,0.804159037,0.805959482,0.771691914,0.333333333,0
1,161477033,0.553133274,0.646089459,0.526565262,0.235985919,0.666666667,0.021700731
1,178819686,0.494229921,0.707559508,0.545589307,0.298616027,0.333333333,0
0,98796344,0.418704766,0.148574418,0.105752047,0.003076336,0.333333333,0
1,161477033,0.553133274,0.646089459,0.526565262,0.235985919,0.333333333,0
1,307210830,0.481533539,0.160345279,0.132392265,0.005007646,0.333333333,0
1,377064495,0.494207855,0.686371959,0.499441146,0.24182031,0.333333333,0
1,359271092,0.289159312,0.243002877,0.279595031,0.020906403,0.333333333,0
0,260004324,0.562113857,0.20402825,0.264807539,0.014169242,0.333333333,0
1,279741379,0.214651368,0.474111954,0.405232937,0.089052282,0,0
1,251848941,0.592696381,0.398378237,0.374094695,0.060236346,0.666666667,0.079630375
0,259701242,0.351632833,0.831545906,0.585076542,0.408846697,0.333333333,0
1,150151262,0.535977493,0.441538059,0.415689747,0.08325786,0.333333333,0
1,311183180,0.447870697,0.585754643,0.396825375,0.122557776,0.333333333,0
1,307210830,0.481533539,0.160345279,0.132392265,0.005007646,0.333333333,0
1,167303382,0.272848632,0.632953178,0.436160607,0.165008278,0.333333333,0
0,167754523,0.452978817,0.567617055,0.421266434,0.111603538,0.333333333,0
1,120896927,0.360536187,0.617106984,0.500323877,0.198601894,0.333333333,0
1,259962054,0.793744484,0.102798849,0.075446334,0.001910988,0,0
1,234994474,0.461383495,0.243264452,0.329610197,0.027132348,0.333333333,0
0,37749396,0.380770079,0.32252158,0.344368404,0.034723756,0.666666667,0.03132458
1,377064495,0.494207855,0.686371959,0.499441146,0.24182031,0.666666667,0.17907514
0,55650590,0.814585172,0.148312843,0.158550675,0.005196967,0.333333333,0
1,52368076,0.568259047,0.64452001,0.507592117,0.220582929,0.333333333,0
1,52368076,0.568259047,0.64452001,0.507592117,0.220582929,0.333333333,0
1,278683844,0.466802736,0.605283809,0.484855162,0.181752435,0.666666667,0.100709462
1,150151262,0.535977493,0.441538059,0.415689747,0.08325786,0.666666667,0.043013121
0,101011575,0.391074581,0.491498823,0.352819894,0.065551664,0.333333333,0
0,150428135,0.646778464,0.177347633,0.205811663,0.008617832,0.333333333,0
1,309257814,0.729788173,0.622547737,0.685368345,0.349364505,0.333333333,0
1,339961200,0.516935128,0.657598744,0.528903175,0.24581925,0,0
1,150151262,0.535977493,0.441538059,0.415689747,0.08325786,0.333333333,0
1,364393429,0.462477935,0.830761182,0.685507797,0.618337647,0.333333333,0
1,92226327,0.689684466,0.091551138,0.063624986,0.001494516,0,0
0,425997655,0.40859444,0.522364635,0.395408542,0.087214354,0.333333333,0
1,251848941,0.592696381,0.398378237,0.374094695,0.060236346,0.333333333,0
1,425997655,0.40859444,0.522364635,0.395408542,0.100043711,0.333333333,0
1,277103955,0.468325243,0.48182056,0.459605978,0.112739734,0,0
1,278683844,0.466802736,0.605283809,0.484855162,0.181752435,0.333333333,0
1,55652896,0.7201015,0.57801988,0.472359563,0.160144807,0.666666667,0.057310986
0,263003176,0.263603266,0.910201413,0.706418628,0.693357503,0.333333333,0
1,31374837,0.34451677,0.54276746,0.419992539,0.117906463,0.333333333,0
1,167600516,0.622760371,0.392545122,0.367309657,0.057266169,1,0.037125026