time,time,flux,flux_err
-0.499756451540937,-0.499756451540937,0.999988574306904,9.971442753001206e-05
-0.49837338481544674,-0.49837338481544674,1.0000950541103548,0.00010042093607299512
-0.49721909397339914,-0.49721909397339914,1.0001432142831017,0.00010058806840211894
-0.4966472926401669,-0.4966472926401669,0.9998807963741845,9.989451747679102e-05
-0.4958517961509642,-0.4958517961509642,0.9999949272946516,9.1740126143462e-05
-0.49487998554395746,-0.49487998554395746,1.0001579342406512,9.18280672829152e-05
-0.4938563465562765,-0.4938563465562765,1.0001073863083403,9.184412765100282e-05
-0.49333392255648506,-0.49333392255648506,1.0000668310842031,9.141550588313672e-05
-0.492118586464494,-0.492118586464494,1.000031134900374,9.145522489199469e-05
-0.4916800868479186,-0.4916800868479186,1.0000651358934458,9.240789643341374e-05
-0.4907834507685038,-0.4907834507685038,0.9999388192159777,9.357020524386196e-05
-0.48990619628166315,-0.48990619628166315,0.9999608950841242,9.211293717368335e-05
-0.48869770679157226,-0.48869770679157226,1.0000592702744453,9.126064243514437e-05
-0.48787594742607326,-0.48787594742607326,0.9999669469930765,9.189621899378952e-05
-0.4871262332730112,-0.4871262332730112,1.000171578242236,9.141361725247733e-05
-0.48654465884756065,-0.48654465884756065,0.9999219462859255,9.122643284102294e-05
-0.48581924340687693,-0.48581924340687693,1.0001279769568359,9.110879146137992e-05
-0.4847334362304537,-0.4847334362304537,1.0001523307234703,9.203519056109365e-05
-0.4840038596812519,-0.4840038596812519,1.0001075942797857,9.141600679351038e-05
-0.48312307547021194,-0.48312307547021194,1.0000540081515865,9.148449078960388e-05
-0.48256300711509537,-0.48256300711509537,1.000201838682289,9.3457190840598e-05
-0.48190997324272755,-0.48190997324272755,0.9999467576555527,9.152722169373298e-05
-0.4808727666080813,-0.4808727666080813,1.0000548905930493,9.183808387764914e-05
-0.47994602069811665,-0.47994602069811665,1.0000208281277487,9.171097836760393e-05
-0.47915401405043667,-0.47915401405043667,0.9999753141199216,9.153583148011151e-05
-0.4780931903995224,-0.4780931903995224,1.0001478937627817,9.129755941020031e-05
-0.477414192953438,-0.477414192953438,1.0000182593032765,9.14019612979858e-05
-0.47608344020700316,-0.47608344020700316,1.000119044310051,9.472467770405849e-05
-0.47483012930606494,-0.47483012930606494,0.9999411685494375,9.12697963284068e-05
-0.473698786352179,-0.473698786352179,0.9999853648446926,9.096339734929904e-05
-0.4727630781751941,-0.4727630781751941,1.0001616687999098,9.543546581501289e-05
-0.47212376903626135,-0.47212376903626135,1.0002318612939232,9.105327085981903e-05
-0.4710833021919825,-0.4710833021919825,1.0000563834799983,9.210134200249317e-05
-0.47042449919099455,-0.47042449919099455,1.000054608725881,9.1345971942652e-05
-0.4694805632927455,-0.4694805632927455,0.9999680793033269,9.14792635642131e-05
-0.46887282016541576,-0.46887282016541576,1.0000984361632583,9.322786632482193e-05
-0.46814304946601626,-0.46814304946601626,1.0001471564477427,9.14683625430436e-05
-0.46708515059581257,-0.46708515059581257,1.0000090175528187,9.181389427416913e-05
-0.4661580578540452,-0.4661580578540452,1.000074427077603,9.160257091198894e-05
-0.46531301177310525,-0.46531301177310525,0.9999043006286618,9.15557846947551e-05
-0.4644329917166033,-0.4644329917166033,0.9999013749186588,9.108554728086147e-05
-0.4638928330896306,-0.4638928330896306,1.000134020952101,9.213431987633501e-05
-0.46297902346850606,-0.46297902346850606,1.000011725982734,9.122705165866867e-05
-0.46173132501280634,-0.46173132501280634,1.0000619592938687,9.438336131069018e-05
-0.46110284355963815,-0.46110284355963815,1.0000942257670222,9.146349723249402e-05
-0.45996222686226246,-0.45996222686226246,1.000109803884467,9.108808116874408e-05
-0.45910881323652575,-0.45910881323652575,1.0001716753195313,9.124936470746581e-05
-0.45846037343872015,-0.45846037343872015,1.0000115336332933,9.592163618050444e-05
-0.4578617367966217,-0.4578617367966217,1.0000361825853894,9.121510522513869e-05
-0.45716143987228863,-0.45716143987228863,1.0000593173663728,9.128011467844436e-05
-0.45621388336003293,-0.45621388336003293,0.9999233649278272,9.213841240442485e-05
-0.45551886529428887,-0.45551886529428887,0.9998136314964066,9.152931990875587e-05
-0.45486389184952714,-0.45486389184952714,0.9998642060158319,9.278570496715999e-05
-0.45418775339931017,-0.45418775339931017,0.9999743944671156,9.168706737280835e-05
-0.45334222934616264,-0.45334222934616264,0.9999750890315419,9.163159658452845e-05
-0.45238278440374413,-0.45238278440374413,0.9999835993894456,9.171837178961758e-05
-0.4516757117031375,-0.4516757117031375,1.0001124492453293,9.145852117524087e-05
-0.45053255865350367,-0.45053255865350367,1.0000332564511745,9.134021112966432e-05
-0.44970658772508615,-0.44970658772508615,1.0001162485369741,9.104639302991143e-05
-0.44874412374629175,-0.44874412374629175,1.0000743681468702,9.419050164781573e-05
-0.44760073959478175,-0.44760073959478175,0.9999296720690545,9.107320188505705e-05
-0.44716961038502634,-0.44716961038502634,0.9999910166634486,9.216551152804164e-05
-0.4461766506792628,-0.4461766506792628,0.9999741835302105,9.10418787689673e-05
-0.44545991534105267,-0.44545991534105267,0.9999245170628885,9.142643728169222e-05
-0.4447341808292549,-0.4447341808292549,0.9999272874087252,9.596423483417757e-05
-0.4441912923604832,-0.4441912923604832,1.0001130568877687,9.123184949307501e-05
-0.4435661593961413,-0.4435661593961413,0.9999157094700081,9.147987931127075e-05
-0.44242049219901675,-0.44242049219901675,0.9999496669107437,9.146049532763224e-05
-0.4416397008288186,-0.4416397008288186,1.0000396556206244,9.341611773849067e-05
-0.44101308315293863,-0.44101308315293863,1.0002453696565412,9.266773567502979e-05
-0.4405106733378489,-0.4405106733378489,1.0000883205682072,9.165447971986248e-05
-0.43949224238167517,-0.43949224238167517,1.0002188075387628,9.160555598683023e-05
-0.43860564377100675,-0.43860564377100675,1.000046552349257,9.164974391105774e-05
-0.4373827686053119,-0.4373827686053119,0.9999254571907453,9.113260346926922e-05
-0.4363255622549332,-0.4363255622549332,0.9999619486716915,9.126605367911452e-05
-0.4354594097923837,-0.4354594097923837,0.999937184095096,9.1317043277078e-05
-0.43444533082511044,-0.43444533082511044,1.0000578060180692,9.164603600554088e-05
-0.4337319327503792,-0.4337319327503792,1.0001537216423295,9.091252599255015e-05
-0.4325959464520565,-0.4325959464520565,1.0001513792170793,9.496241132316019e-05
-0.4316994388602325,-0.4316994388602325,1.0002234983172424,9.129199033929e-05
-0.4310185569964233,-0.4310185569964233,1.0000004838588623,9.645586075126392e-05
-0.4306348495563725,-0.4306348495563725,1.000063533730875,9.141936019759319e-05
-0.4300561998228659,-0.4300561998228659,1.000089397088473,9.144935835749575e-05
-0.4293423069175333,-0.4293423069175333,0.9998914399253238,9.165578512813238e-05
-0.4284301254723687,-0.4284301254723687,1.00007650074875,9.253157632695186e-05
-0.4278554041782627,-0.4278554041782627,1.0001674568098737,9.311096689594827e-05
-0.42716866606206166,-0.42716866606206166,1.0001134111633287,9.228963729601908e-05
-0.4266702701250324,-0.4266702701250324,1.0000007074556851,9.179017119211489e-05
-0.42583120226918253,-0.42583120226918253,1.0000326027861346,9.161801226874122e-05
-0.4249137647319003,-0.4249137647319003,1.0000268829336736,9.159891911703747e-05
-0.4242189264725312,-0.4242189264725312,0.9999646047112833,9.112463521285958e-05
-0.4228953929181444,-0.4228953929181444,1.0002278491258254,9.133289623627282e-05
-0.42186855656909755,-0.42186855656909755,0.9999527636976229,9.151525612761487e-05
-0.42109984657436145,-0.42109984657436145,0.9999907064252763,9.148148771528682e-05
-0.42015098721167304,-0.42015098721167304,0.9998280925752401,9.090851994253837e-05
-0.41910928188008256,-0.41910928188008256,1.0000736790875087,9.078436820786106e-05
-0.41797012406168504,-0.41797012406168504,0.9999078855631625,9.10747647422725e-05
-0.41706768560688945,-0.41706768560688945,1.0001443880999712,9.595298506811394e-05
-0.4166943007367081,-0.4166943007367081,1.0000914405893173,9.13762424294426e-05
-0.4161411585708265,-0.4161411585708265,1.0000104952601698,9.165760538972848e-05
-0.4155769755045185,-0.4155769755045185,0.9999648169169684,9.251546980477227e-05
-0.4147617610738962,-0.4147617610738962,1.0001426278358747,9.188793707153605e-05
-0.41393005672143773,-0.41393005672143773,1.0001530004080934,9.258192845962005e-05
-0.4130576865383773,-0.4130576865383773,0.9999702438830219,9.173046986185673e-05
-0.4122038203640841,-0.4122038203640841,0.9999677093228657,9.548000391748418e-05
-0.4113105829266715,-0.4113105829266715,1.0000516421963677,9.155571101525847e-05
-0.4107482819730649,-0.4107482819730649,1.0000618121836822,9.125183184961593e-05
-0.40942576969537187,-0.40942576969537187,1.0000457441683421,9.11285128281927e-05
-0.408501789192087,-0.408501789192087,0.999729632199676,9.120875777379116e-05
-0.4076838952867547,-0.4076838952867547,0.9999433618793301,9.116071373255091e-05
-0.40694539167307087,-0.40694539167307087,0.9999894967549272,9.16397847623864e-05
-0.40621038033423246,-0.40621038033423246,1.0001192649197304,9.090870871799882e-05
-0.40496180343761806,-0.40496180343761806,1.0002053492983909,9.076850606359338e-05
-0.4036684101301944,-0.4036684101301944,1.0000101007719984,9.552170998458109e-05
-0.4031372576369904,-0.4031372576369904,1.0001422957579291,9.149435023040636e-05
-0.40277948342554737,-0.40277948342554737,1.0000567016344708,9.137779970899232e-05
-0.40221341550350187,-0.40221341550350187,1.0001014390209855,9.227206838221174e-05
-0.4013766345262411,-0.4013766345262411,0.9998930139760034,9.21833780363174e-05
-0.4002892361866543,-0.4002892361866543,1.0000438031119507,9.231464057769475e-05
-0.39951751644839534,-0.39951751644839534,1.0000268531103689,9.210013035168462e-05
-0.3985676666139625,-0.3985676666139625,1.0000143854582944,9.137659619083878e-05
-0.3978825732439873,-0.3978825732439873,1.000067111677339,9.225246991387304e-05
-0.3972319292020984,-0.3972319292020984,1.00006216159032,9.122689640890972e-05
-0.3960781486646738,-0.3960781486646738,0.999909486491822,9.10650664382917e-05
-0.3949000392894959,-0.3949000392894959,0.9999787825511902,9.125296236069005e-05
-0.3939134554442717,-0.3939134554442717,0.9999202095025304,9.085782215231719e-05
-0.39296032284910326,-0.39296032284910326,1.0002282663527606,9.157293520689932e-05
-0.392340604349738,-0.392340604349738,1.0001744103077361,9.089516413124152e-05
-0.3908138204307761,-0.3908138204307761,0.9999391691292381,9.106017185566907e-05
-0.38983318315586074,-0.38983318315586074,1.000024679130266,9.127795284141013e-05
-0.38929019984352636,-0.38929019984352636,0.9999334186245852,9.14790493844606e-05
-0.38867485142982333,-0.38867485142982333,1.0000788813404424,9.14860102396065e-05
-0.3879885298752924,-0.3879885298752924,1.000116791252644,9.163421256413932e-05
-0.38689008642104455,-0.38689008642104455,0.9998500452493226,9.261600860368468e-05
-0.38587901979481104,-0.38587901979481104,1.0000197610299362,9.146054967489126e-05
-0.38475153692706954,-0.38475153692706954,0.9999894743037082,9.138043954547511e-05
-0.38385101637541086,-0.38385101637541086,1.0000417564254256,9.142210504716742e-05
-0.38291901352931745,-0.38291901352931745,1.0000800023781704,9.214149220119248e-05
-0.381652622432739,-0.381652622432739,1.0000638277473164,9.106199667481314e-05
-0.3805027716894983,-0.3805027716894983,0.9998994524968209,9.120806803996853e-05
-0.37950115376879695,-0.37950115376879695,1.000163246998252,9.131642637271845e-05
-0.3786744792785612,-0.3786744792785612,0.9999177120947651,9.105452873198335e-05
-0.37769475873355984,-0.37769475873355984,0.999889886885794,9.125750224948896e-05
-0.3766853320368682,-0.3766853320368682,1.0000177770435466,9.150531227023913e-05
-0.3757351687308983,-0.3757351687308983,1.0000179943676986,9.128854356778834e-05
-0.375176470313454,-0.375176470313454,0.9999453495020543,9.139391203069096e-05
-0.3745841513824416,-0.3745841513824416,0.9999079881109955,9.154906897573912e-05
-0.3736087715558824,-0.3736087715558824,0.9999934283158147,9.295026872251983e-05
-0.37254238603636625,-0.37254238603636625,1.0000898848673379,9.168687588195659e-05
-0.371942785596184,-0.371942785596184,0.9999652005324716,9.178688789762216e-05
-0.3706354782698327,-0.3706354782698327,1.00007802274563,9.142388451060553e-05
-0.3697365075524431,-0.3697365075524431,1.0001832579414958,9.18180139461087e-05
-0.3687789389427053,-0.3687789389427053,0.9999987941981248,9.134012361077631e-05
-0.36777952926495344,-0.36777952926495344,0.9999871137455433,9.106534782585805e-05
-0.3667357193553471,-0.3667357193553471,0.9999412355686417,9.135278098913396e-05
-0.3659010242598015,-0.3659010242598015,0.999979774830938,9.101084737638413e-05
-0.36505385554628444,-0.36505385554628444,1.0000613369701599,9.205863771784829e-05
-0.3640140498217079,-0.3640140498217079,0.9999749278005133,9.126676094552529e-05
-0.3628989845296019,-0.3628989845296019,0.9998185947614747,9.146728986723821e-05
-0.36199276436382205,-0.36199276436382205,0.9999604074616018,9.1478223388855e-05
-0.36150224882585463,-0.36150224882585463,0.9999010660518642,9.119299194373942e-05
-0.36091383675666294,-0.36091383675666294,0.9999863467152753,9.154705739867359e-05
-0.36006138150114564,-0.36006138150114564,1.0000086880317915,9.161254519182145e-05
-0.35942915224150057,-0.35942915224150057,0.9999469604159416,9.231283159047261e-05
-0.3586560334937531,-0.3586560334937531,0.9999782931364416,9.128846872012971e-05
-0.35823290564585475,-0.35823290564585475,0.9999602711042632,9.172345047444078e-05
-0.35710154950502326,-0.35710154950502326,1.0000543807675435,9.14070013738435e-05
-0.3559721339392127,-0.3559721339392127,1.0000724414611164,9.126784473406393e-05
-0.3546295618027216,-0.3546295618027216,0.9999292184382821,9.122338636970506e-05
-0.3534648655142519,-0.3534648655142519,1.0001451420339031,9.220851818942232e-05
-0.35263139258750015,-0.35263139258750015,0.9998944598813093,9.101488595277882e-05
-0.35190490788081663,-0.35190490788081663,1.000142163681906,9.12763095412077e-05
-0.351034260475717,-0.351034260475717,1.0001529238021523,9.106506678558303e-05
-0.35009583988721715,-0.35009583988721715,1.0001438710978312,9.125891354229417e-05
-0.34932960770529464,-0.34932960770529464,0.9999190896830428,9.142838976349942e-05
-0.3483428005463793,-0.3483428005463793,0.9999258214955475,9.126655800150255e-05
-0.3479067907901481,-0.3479067907901481,1.0001149042653175,9.126853344812932e-05
-0.34732475577038713,-0.34732475577038713,1.000102753086273,9.154444836718694e-05
-0.34630112734012075,-0.34630112734012075,0.9999616980836622,9.187154053795584e-05
-0.3452581330682733,-0.3452581330682733,1.0001816757499742,9.194373417707434e-05
-0.3445982461213134,-0.3445982461213134,1.0000420270190105,9.118851807394457e-05
-0.34354718673275786,-0.34354718673275786,0.9997993144967117,9.160583776388496e-05
-0.34297308729874204,-0.34297308729874204,0.9999009001466727,9.168336771570704e-05
-0.341935254681448,-0.341935254681448,0.9999219508169265,9.119856344600282e-05
-0.34056623956857945,-0.34056623956857945,1.000125292900615,9.470187980184946e-05
-0.3394775346620008,-0.3394775346620008,0.9999455162096089,9.208939076252168e-05
-0.3383251869250671,-0.3383251869250671,1.0000934184772585,9.121849681977174e-05
-0.33742842605279294,-0.33742842605279294,0.9999616205241164,9.109735377922027e-05
-0.3365128571385867,-0.3365128571385867,1.0000055701725064,9.208053800172238e-05
-0.33561684708547546,-0.33561684708547546,0.999901365796046,9.120940009512652e-05
-0.33494764406787,-0.33494764406787,0.9999326721776913,9.200931672478062e-05
-0.3343025872076396,-0.3343025872076396,0.9999814010029265,9.168629673702023e-05
-0.3339011419549934,-0.3339011419549934,0.9999910779585569,9.345963653901933e-05
-0.3331572277471423,-0.3331572277471423,1.0000528404392954,9.146338721110041e-05
-0.33214374684903303,-0.33214374684903303,1.000138418610039,9.183158496550008e-05
-0.33139877537323625,-0.33139877537323625,1.0000814758982393,9.191076463839151e-05
-0.3309891740937019,-0.3309891740937019,1.000031948583405,9.121997473877896e-05
-0.3298985639863531,-0.3298985639863531,1.0000686780660493,9.15751601317103e-05
-0.3292547672055662,-0.3292547672055662,0.9999033429861,9.125946105585818e-05
-0.3284013492637314,-0.3284013492637314,1.0000006660023568,9.124931709589573e-05
-0.3270104317125515,-0.3270104317125515,0.9998973074098686,9.459276437743714e-05
-0.3259780655367649,-0.3259780655367649,1.0000989741959458,9.145944097733865e-05
-0.324744076866773,-0.324744076866773,0.9999781063711785,9.113272824659272e-05
-0.32406755030096973,-0.32406755030096973,1.000047871275711,9.578790472427332e-05
-0.32345212113141314,-0.32345212113141314,0.999943514116217,9.105486992871115e-05
-0.32272719807660905,-0.32272719807660905,1.0000425400317074,9.122360476322114e-05
-0.322001911062398,-0.322001911062398,1.0000376516194758,9.196228748007546e-05
-0.32106370418186997,-0.32106370418186997,1.0001761010810106,9.140992664039647e-05
-0.32043998515291605,-0.32043998515291605,1.0001971251474324,9.128583803679806e-05
-0.3197638345271116,-0.3197638345271116,0.9999478778354993,9.297588219365596e-05
-0.3191854281598353,-0.3191854281598353,1.0000349795232868,9.148411583294504e-05
-0.3183190582334646,-0.3183190582334646,1.0000433767009114,9.18025506318839e-05
-0.31739833353785796,-0.31739833353785796,0.9999202620926452,9.17655225385527e-05
-0.3165519575122744,-0.3165519575122744,1.0000247255324477,9.141422997117705e-05
-0.31563247930898797,-0.31563247930898797,0.9999894016429124,9.130553751791971e-05
-0.3150549622965627,-0.3150549622965627,1.000006867585925,9.128076290466412e-05
-0.31427779629884756,-0.31427779629884756,1.0000274337745139,9.117305520815981e-05
-0.31321647485747234,-0.31321647485747234,0.99994161702698,9.440633423291027e-05
-0.31250565878581255,-0.31250565878581255,0.9999091757856787,9.105651080577569e-05
-0.3118837316302233,-0.3118837316302233,0.9999400625345135,9.221841855044774e-05
-0.3107750493407366,-0.3107750493407366,0.999982314832164,9.145961180868788e-05
-0.31023862352449216,-0.31023862352449216,0.9999866638626193,9.121760883595111e-05
-0.3096940790041117,-0.3096940790041117,1.0000510523823531,9.59489279873457e-05
-0.30909638990997335,-0.30909638990997335,0.9999804301571148,9.120916401053774e-05
-0.3083007020919467,-0.3083007020919467,1.00013777379443,9.141927393167406e-05
-0.30704916400864024,-0.30704916400864024,1.0000715068705701,9.153675755851875e-05
-0.30652707223634934,-0.30652707223634934,0.9998130500350545,9.315959946049044e-05
-0.30588885033503177,-0.30588885033503177,0.9999766623156747,9.348748874357933e-05
-0.30528477600746556,-0.30528477600746556,0.9999442561295224,9.167033024550134e-05
-0.3043240931961918,-0.3043240931961918,0.999951128264336,9.181183997567074e-05
-0.30358828088792505,-0.30358828088792505,1.0000515546342867,9.165529101731732e-05
-0.3025695792588522,-0.3025695792588522,0.9999614235813441,9.113690132075385e-05
-0.30154478547920005,-0.30154478547920005,1.0000651326260321,9.147245807626786e-05
-0.30058336483780296,-0.30058336483780296,0.9999719180698525,9.135216789314443e-05
-0.2999806060543051,-0.2999806060543051,0.9998915778800639,9.204772044610568e-05
-0.2990971538674785,-0.2990971538674785,0.9997249799521253,9.362191448088758e-05
-0.298485304476344,-0.298485304476344,0.999975662279871,9.199265484269084e-05
-0.2973307117339573,-0.2973307117339573,1.0000360862111985,9.494737019763844e-05
-0.29669543165655343,-0.29669543165655343,0.9999506886242212,9.141684655594705e-05
-0.2959545860896469,-0.2959545860896469,1.000165287517915,9.581414389757203e-05
-0.2953861548070563,-0.2953861548070563,0.9999055462629972,9.142797205226221e-05
-0.29463509971392343,-0.29463509971392343,1.0001055470577005,9.153311507005808e-05
-0.2935782725471654,-0.2935782725471654,0.9999902850456797,9.193407328241902e-05
-0.2929112479570904,-0.2929112479570904,0.9999199376939945,9.342994536581195e-05
-0.2923066872011987,-0.2923066872011987,1.000006977526479,9.239164264801547e-05
-0.2918056171940407,-0.2918056171940407,0.9999216584508257,9.158779095304396e-05
-0.2909432803018717,-0.2909432803018717,1.0000175878332433,9.177887526526707e-05
-0.29009587843320334,-0.29009587843320334,0.9999240574012106,9.235862325958305e-05
-0.28928320675186114,-0.28928320675186114,1.0000099453084919,9.111486304553606e-05
-0.2879116053198231,-0.2879116053198231,1.0000595287386351,9.13309991071919e-05
-0.2868867568700807,-0.2868867568700807,1.0000904313083507,9.153520228731114e-05
-0.28612836737302133,-0.28612836737302133,0.9997978001146939,9.156490314526253e-05
-0.28517514713603304,-0.28517514713603304,1.0001083601461116,9.092594612059599e-05
-0.2845555185092962,-0.2845555185092962,1.000047506300863,9.10509362549825e-05
-0.28330304252158384,-0.28330304252158384,0.9999935235709236,9.143148342031341e-05
-0.2824757346417755,-0.2824757346417755,0.9999156946789215,9.580607359899956e-05
-0.2819203016188112,-0.2819203016188112,1.0000943823635164,9.127364299701635e-05
-0.2814361430559075,-0.2814361430559075,0.9999136283148168,9.158590523922222e-05
-0.28067884806368965,-0.28067884806368965,0.9999707650753656,9.14700465957484e-05
-0.2796060868538916,-0.2796060868538916,0.9998983472536886,9.194894457275855e-05
-0.278777517421986,-0.278777517421986,0.9999713453161618,9.269327414130639e-05
-0.2780383971214178,-0.2780383971214178,0.9999271785157824,9.2514758798598e-05
-0.27720532112725776,-0.27720532112725776,1.0000312563883142,9.150467906871799e-05
-0.27622966420603917,-0.27622966420603917,0.9999482966059633,9.137371433360923e-05
-0.2756713842667523,-0.2756713842667523,1.000023006935288,9.125221194844117e-05
-0.27417982980696254,-0.27417982980696254,1.000025994669701,9.11249667192179e-05
-0.27336604166339384,-0.27336604166339384,0.9999279872405552,9.148212124141169e-05
-0.27270811842463444,-0.27270811842463444,1.0000051235588854,9.112172246734975e-05
-0.27171876798965966,-0.27171876798965966,0.9999582979617643,9.141740919194433e-05
-0.27090932169376175,-0.27090932169376175,0.9999827500493312,9.060453843642532e-05
-0.26964301453263034,-0.26964301453263034,0.9999862174238237,9.144695220526417e-05
-0.2686935099889524,-0.2686935099889524,0.9999725162122355,9.566283339833046e-05
-0.268135025864467,-0.268135025864467,0.999940859437625,9.126455187484354e-05
-0.26777835998509547,-0.26777835998509547,1.0000041131690105,9.152845433661725e-05
-0.26714324223430597,-0.26714324223430597,1.0000970068476338,9.220422492907787e-05
-0.2660933544335421,-0.2660933544335421,1.0001242577957838,9.208687990891241e-05
-0.26516128105722603,-0.26516128105722603,0.9999682124467745,9.244220649471733e-05
-0.2642994627545704,-0.2642994627545704,1.000074176063102,9.173281224365368e-05
-0.26332608785742195,-0.26332608785742195,0.9999663624247589,9.139577735365134e-05
-0.2624652284910553,-0.2624652284910553,0.9999953923021903,9.153254250566823e-05
-0.26171495457238053,-0.26171495457238053,0.9999033661094492,9.11899368872187e-05
-0.26031626604235497,-0.26031626604235497,0.9999696388280748,9.089574162934188e-05
-0.25934513347456234,-0.25934513347456234,0.9999140919040126,9.14749515865778e-05
-0.25852867386274736,-0.25852867386274736,1.0000623121334455,9.126799620573912e-05
-0.25768569799256513,-0.25768569799256513,0.9999210143473896,9.128417936863267e-05
-0.2568944885933888,-0.2568944885933888,0.9999399970905026,9.056821596195695e-05
-0.25556665602198336,-0.25556665602198336,1.0001361113003298,9.106818140886111e-05
-0.2546073236357188,-0.2546073236357188,1.0000623376004758,9.562617131416414e-05
-0.2542545262520434,-0.2542545262520434,0.999843584859659,9.125590555150728e-05
-0.253648120581056,-0.253648120581056,1.0000005325380559,9.148125452527664e-05
-0.25299501873669217,-0.25299501873669217,1.000123559291928,9.236336745459846e-05
-0.25210668090730903,-0.25210668090730903,1.0000265045395589,9.203903170431453e-05
-0.251243538838753,-0.251243538838753,0.9998103670675287,9.216485932473655e-05
-0.2507240401682793,-0.2507240401682793,0.9999884471241437,9.230117325201007e-05
-0.24989849154808325,-0.24989849154808325,0.9998178241073091,9.135845011202544e-05
-0.2492068619976635,-0.2492068619976635,0.9998166155509679,9.177286527794129e-05
-0.24846405654243425,-0.24846405654243425,0.9999775055679996,9.121241806947969e-05
-0.24752860540611438,-0.24752860540611438,1.0000387730784772,9.121535611049968e-05
-0.24643956168729347,-0.24643956168729347,1.0000198488001595,9.111169173057651e-05
-0.24534537571889814,-0.24534537571889814,1.0001734324561542,9.101442054063403e-05
-0.24426087316824124,-0.24426087316824124,0.9999648540639641,9.137074150676747e-05
-0.24356921066355425,-0.24356921066355425,0.99995748801214,9.088922870185288e-05
-0.24215709797863383,-0.24215709797863383,1.000027426302845,9.12284771673871e-05
-0.2410753766889684,-0.2410753766889684,1.0000558673219924,9.106673495549953e-05
-0.2404650338809006,-0.2404650338809006,1.0000097378160038,9.126481939251152e-05
-0.23979732700099704,-0.23979732700099704,0.9999174528164689,9.168384545545113e-05
-0.23902806692931336,-0.23902806692931336,0.9999246399099752,9.155987450118607e-05
-0.23803869756520726,-0.23803869756520726,0.9999668128198996,9.254876959125941e-05
-0.23722419007826828,-0.23722419007826828,1.0001067177774252,9.141761302737132e-05
-0.23611648450460052,-0.23611648450460052,1.0001504969237722,9.14419239565613e-05
-0.23515361513855168,-0.23515361513855168,0.999953030161798,9.141163013552987e-05
-0.23434570309327682,-0.23434570309327682,1.000152152230505,9.142054608569025e-05
-0.23288438674790085,-0.23288438674790085,1.0000929757004748,9.106573023072681e-05
-0.23193648302112707,-0.23193648302112707,0.9999488274593729,9.157314807220317e-05
-0.23113514322321863,-0.23113514322321863,0.9998725594447949,9.090898935601978e-05
-0.23016932029568124,-0.23016932029568124,1.0000164740134072,9.127553292446038e-05
-0.22923823741293745,-0.22923823741293745,0.9999490383039316,9.351935785486596e-05
-0.228135211103654,-0.228135211103654,0.999953477401297,9.148039239715803e-05
-0.22711110802920303,-0.22711110802920303,1.0001376470025658,9.128590822321672e-05
-0.22652562998846407,-0.22652562998846407,0.9999855592649706,9.119386084341098e-05
-0.2259239544378943,-0.2259239544378943,1.0000001291546252,9.154889882231546e-05
-0.22491449887456838,-0.22491449887456838,1.0000630774710597,9.302245953634588e-05
-0.22390161519724644,-0.22390161519724644,1.0000867316961888,9.202063821800869e-05
-0.22344189728610217,-0.22344189728610217,1.0001050631558317,9.141673621425564e-05
-0.22262564170232507,-0.22262564170232507,0.9999981839320207,9.173159302796889e-05
-0.2216491774728638,-0.2216491774728638,0.9999689148886723,9.12642536413591e-05
-0.22057728675426916,-0.22057728675426916,0.9997553237242748,9.117767790016967e-05
-0.21913457071059383,-0.21913457071059383,1.000029749535004,9.121951720732473e-05
-0.21836471736460225,-0.21836471736460225,0.9999509019657371,9.11810319245451e-05
-0.2173365385242505,-0.2173365385242505,0.9998885758987603,9.089844583833506e-05
-0.21648072200041496,-0.21648072200041496,0.9998417470026384,9.228615351224896e-05
-0.21575432925019414,-0.21575432925019414,0.9999191474995957,9.104145966949054e-05
-0.21453318205312827,-0.21453318205312827,0.999922093465415,9.16802130112574e-05
-0.21349397175072227,-0.21349397175072227,0.9999180196313162,9.105515851262104e-05
-0.21293863718456124,-0.21293863718456124,1.0000234670330532,9.126191368408546e-05
-0.21233674395334673,-0.21233674395334673,0.9999282363478594,9.153279190108201e-05
-0.21129425535036717,-0.21129425535036717,1.0000159860133002,9.209355162546778e-05
-0.2104597732250113,-0.2104597732250113,1.0000338026448532,9.184805827341042e-05
-0.20979936149524292,-0.20979936149524292,1.0001194816100982,9.122389745466948e-05
-0.20917254200030583,-0.20917254200030583,0.9999924631380022,9.176657293043325e-05
-0.20813066155969864,-0.20813066155969864,1.000070562333319,9.145908795536309e-05
-0.20777136204415,-0.20777136204415,1.0000793488956197,9.227739219581137e-05
-0.20693649864551844,-0.20693649864551844,0.9997992145229372,9.375856028626836e-05
-0.2058762351880432,-0.2058762351880432,0.9997987246036821,9.195456786041007e-05
-0.20478997640748275,-0.20478997640748275,0.9999972918070454,9.218293246017264e-05
-0.20415590602206066,-0.20415590602206066,1.0000541982299749,9.135553543153672e-05
-0.20351060399552806,-0.20351060399552806,1.0000042301114695,9.105685819567097e-05
-0.202938557388552,-0.202938557388552,0.9999759646869313,9.127011163088035e-05
-0.20217604014469542,-0.20217604014469542,0.9999559369780477,9.103767111839015e-05
-0.20091238073946444,-0.20091238073946444,0.9999810561477741,9.156455221435903e-05
-0.20019676165829878,-0.20019676165829878,0.999954528426197,9.122224586719823e-05
-0.19937701394665056,-0.19937701394665056,1.0000383565232749,9.148708857515657e-05
-0.19881924130604603,-0.19881924130604603,1.0000207622279977,9.35174325191824e-05
-0.1981630777794635,-0.1981630777794635,1.0000615942473083,9.153098667077618e-05
-0.19712814765807707,-0.19712814765807707,1.0000577131476374,9.183662484524264e-05
-0.19620145103399408,-0.19620145103399408,1.0000174673315576,9.17259297586349e-05
-0.19539463289402192,-0.19539463289402192,1.0000675253015767,9.155909826298601e-05
-0.19428562035318464,-0.19428562035318464,1.0001122355837395,9.142098403739754e-05
-0.19342261870915536,-0.19342261870915536,0.9999937934929362,9.12472470523728e-05
-0.19179558011237532,-0.19179558011237532,1.0000072759347174,9.457431132585036e-05
-0.19071443933353294,-0.19071443933353294,0.9999625630639664,9.208461364916864e-05
-0.18976117247366348,-0.18976117247366348,0.9997733615964479,9.122818113034252e-05
-0.18883223628654378,-0.18883223628654378,1.000020700730063,9.106216089826614e-05
-0.18800283670861972,-0.18800283670861972,1.000270796177414,9.124560998242782e-05
-0.18718009661679388,-0.18718009661679388,1.0000012609487583,9.21215687693687e-05
-0.18625855934660648,-0.18625855934660648,1.0002060821656973,9.121927381798747e-05
-0.18547703273943625,-0.18547703273943625,1.0000036579567926,9.17951343975821e-05
-0.18490977655746973,-0.18490977655746973,1.0001335249736154,9.317529598010398e-05
-0.1839560614185757,-0.1839560614185757,1.0000029642047168,9.124925846592926e-05
-0.18307311758544528,-0.18307311758544528,0.9998387717968562,9.20034147126901e-05
-0.1823223343337304,-0.1823223343337304,1.0000470350352564,9.157649144985224e-05
-0.18131714899209328,-0.18131714899209328,1.0000371707798645,9.141950353698798e-05
-0.18056704753107625,-0.18056704753107625,0.999888229173688,9.127971738608073e-05
-0.17963541824865387,-0.17963541824865387,0.9998774034150166,9.12449455701226e-05
-0.17849953460681717,-0.17849953460681717,1.000053892789034,9.460598553222684e-05
-0.17757884366146753,-0.17757884366146753,1.0000757026420835,9.108720845518286e-05
-0.17679472783056555,-0.17679472783056555,0.9999642501766447,9.132088296501688e-05
-0.17560686407523463,-0.17560686407523463,0.9999472914565117,9.139022517367867e-05
-0.17491934570280138,-0.17491934570280138,1.00005241937569,9.57158811288682e-05
-0.1744306292035617,-0.1744306292035617,1.00002212315216,9.109729082484989e-05
-0.17369785548507935,-0.17369785548507935,1.0000819887676176,9.235319671309006e-05
-0.17301287705340657,-0.17301287705340657,1.0000770578261926,9.12084068139367e-05
-0.17198091828322504,-0.17198091828322504,0.9999104917339908,9.16860522225825e-05
-0.17138462110451655,-0.17138462110451655,1.0002411434049336,9.106027412072562e-05
-0.17073686907970115,-0.17073686907970115,0.9999301024654498,9.306063260887137e-05
-0.1700286647756002,-0.1700286647756002,0.9999956108716367,9.188817825065507e-05
-0.16892378604097757,-0.16892378604097757,0.9999395697811269,9.168483953272621e-05
-0.1682204757409636,-0.1682204757409636,0.9999661088986608,9.125407019370133e-05
-0.16695694339869077,-0.16695694339869077,0.999976596577484,9.134899576452768e-05
-0.1661626737404731,-0.1661626737404731,0.9999712921057966,9.109884895013168e-05
-0.1653048997512087,-0.1653048997512087,0.9999205114130391,9.14660807101355e-05
-0.16394644607498776,-0.16394644607498776,1.0000376771008281,9.384734716229388e-05
-0.16349317679414527,-0.16349317679414527,0.9999941151795237,9.21867840074585e-05
-0.16243172730901279,-0.16243172730901279,1.0001642575169498,9.105893037319447e-05
-0.1617147457684041,-0.1617147457684041,0.9999706200743302,9.14239958944514e-05
-0.16098875800380483,-0.16098875800380483,0.9999004760436877,9.595575552817217e-05
-0.16044720729551046,-0.16044720729551046,1.0000314456422257,9.124027403773945e-05
-0.1596944017568603,-0.1596944017568603,1.0000029004432196,9.14701717487504e-05
-0.15850588176544989,-0.15850588176544989,0.9999063805630378,9.140644928823521e-05
-0.15796086561313133,-0.15796086561313133,1.0000233070385727,9.345847701109299e-05
-0.15742540461360477,-0.15742540461360477,0.9999946532951434,9.145442619844159e-05
-0.15707474426890258,-0.15707474426890258,1.000017230712147,9.33011483832411e-05
-0.15648002628295216,-0.15648002628295216,1.0000457726012442,9.222380029709235e-05
-0.1555475203000242,-0.1555475203000242,0.9999813787241086,9.124886414322572e-05
-0.15475617758202134,-0.15475617758202134,0.9999172079637347,9.147871333979543e-05
-0.15348346148530254,-0.15348346148530254,1.0000298959174077,9.134545969946271e-05
-0.1527804693687358,-0.1527804693687358,0.9998680424736944,9.139436793225354e-05
-0.15192806200357153,-0.15192806200357153,1.0000471532354858,9.220094371983855e-05
-0.15115691746614174,-0.15115691746614174,0.9999811558246752,9.166544459478235e-05
-0.15019933009461967,-0.15019933009461967,1.0000140466780678,9.091556135834453e-05
-0.14949783364863833,-0.14949783364863833,1.000024948544159,9.109071003756357e-05
-0.14839270632510307,-0.14839270632510307,0.9998044791967168,9.520204414969696e-05
-0.1476502604986308,-0.1476502604986308,0.9999752352009812,9.12389799085848e-05
-0.14702459879481466,-0.14702459879481466,0.99981804872499,9.601334461176407e-05
-0.1466002559842309,-0.1466002559842309,1.000107750912171,9.137655832023388e-05
-0.14587692007189618,-0.14587692007189618,0.9999232844204347,9.15279349850649e-05
-0.1449541983922245,-0.1449541983922245,0.9999611184440621,9.189354246382756e-05
-0.1442329459139728,-0.1442329459139728,1.0000916937431885,9.336123207011297e-05
-0.14353955960832537,-0.14353955960832537,0.999845926443715,9.230145571149742e-05
-0.14304652179562255,-0.14304652179562255,0.9999789498607672,9.158605724189026e-05
-0.14209065076720434,-0.14209065076720434,1.000131628932995,9.162721282600818e-05
-0.14108244903327433,-0.14108244903327433,1.0000406991807675,9.159330648980511e-05
-0.1398462040000595,-0.1398462040000595,0.9999599136647468,9.11362163168193e-05
-0.13893535776878707,-0.13893535776878707,0.9999150236392176,9.145776388217079e-05
-0.13802707495196956,-0.13802707495196956,1.0000079210639776,9.129564206279507e-05
-0.1371549370334833,-0.1371549370334833,0.9999098711912442,9.151495020209462e-05
-0.13626218871067977,-0.13626218871067977,1.0000088733854977,9.09000446436204e-05
-0.13530674288631417,-0.13530674288631417,0.9998969343998807,9.100505903333809e-05
-0.13430117529787822,-0.13430117529787822,0.999854841493818,9.124891616649795e-05
-0.13346905593934935,-0.13346905593934935,1.0002403847273,9.579475935849736e-05
-0.13306527742824983,-0.13306527742824983,0.9998609355580668,9.13939970032901e-05
-0.1323934099607868,-0.1323934099607868,0.9999418406503219,9.165710776733533e-05
-0.13182623205066193,-0.13182623205066193,1.000020402073402,9.23297060353881e-05
-0.13084430834278465,-0.13084430834278465,1.0000541737892807,9.19515482861522e-05
-0.130007241149724,-0.130007241149724,1.000097860789688,9.256420676238504e-05
-0.12915716093120863,-0.12915716093120863,0.9999418517352373,9.178737424756066e-05
-0.1280691268024384,-0.1280691268024384,0.9999342964445821,9.147977544905829e-05
-0.12738758799387143,-0.12738758799387143,1.000012703655626,9.137864117995665e-05
-0.12690325202420355,-0.12690325202420355,1.0001695222594553,9.10530878943876e-05
-0.1255941973082372,-0.1255941973082372,1.000005935326362,9.112933453322849e-05
-0.12467389360390371,-0.12467389360390371,0.999969449680344,9.101269015322643e-05
-0.12375284086883767,-0.12375284086883767,1.0000224688373778,9.1311259667762e-05
-0.12294959067949093,-0.12294959067949093,1.0000064568128544,9.135379675666323e-05
-0.1221376077941386,-0.1221376077941386,1.0002174953483336,9.060802285198757e-05
-0.12071443135064328,-0.12071443135064328,1.000137233980335,9.104980190896342e-05
-0.11981322007632116,-0.11981322007632116,1.0000085709304865,9.558160367721063e-05
-0.11939108327642316,-0.11939108327642316,0.9999587091772103,9.148065799244514e-05
-0.11903419264563127,-0.11903419264563127,1.0000564589332046,9.137456555233764e-05
-0.1185341955133481,-0.1185341955133481,1.0000296487381475,9.227392028661798e-05
-0.11780173808074323,-0.11780173808074323,0.9999798158046845,9.202347767225949e-05
-0.11676757413079031,-0.11676757413079031,0.9999890303747568,9.251004051460814e-05
-0.11586096278333571,-0.11586096278333571,0.9998412438846926,9.139026153286342e-05
-0.11482703447109088,-0.11482703447109088,0.9999013634128214,9.142360993953667e-05
-0.11413404389895732,-0.11413404389895732,1.0002208824701984,9.242833924504966e-05
-0.11342709145101253,-0.11342709145101253,0.9998380352679858,9.128854168066835e-05
-0.11233466179692186,-0.11233466179692186,0.9999770674140442,9.106937210679245e-05
-0.1111547540393076,-0.1111547540393076,0.9999685429964446,9.124731479869982e-05
-0.11034684524638579,-0.11034684524638579,0.9999593769421686,9.165121923325097e-05
-0.10937625021033455,-0.10937625021033455,1.0000164805561478,9.15772689272839e-05
-0.1087189581739949,-0.1087189581739949,1.0000861630116566,9.124877744372651e-05
-0.10779590743914014,-0.10779590743914014,0.9998595427219559,9.104805268100015e-05
-0.10640452352381544,-0.10640452352381544,0.9999472238318015,9.112904943246557e-05
-0.10575945915334159,-0.10575945915334159,0.9999827100197102,9.570134343274029e-05
-0.10535468107700581,-0.10535468107700581,0.9999589417971674,9.12009385060343e-05
-0.10476233318331651,-0.10476233318331651,0.9999496704761324,9.247720058688598e-05
-0.10404150166141335,-0.10404150166141335,0.9999176452856166,9.156258106348455e-05
-0.10288189420825802,-0.10288189420825802,1.0002471929189947,9.251995473561924e-05
-0.10205056500271895,-0.10205056500271895,0.9998820760104756,9.212055315654289e-05
-0.10100587571650976,-0.10100587571650976,0.9999494934810453,9.138051779615994e-05
-0.10010588467121125,-0.10010588467121125,1.0000009943344332,9.142042883256747e-05
-0.09917394137155497,-0.09917394137155497,0.999954947746007,9.213619028928349e-05
-0.0979087038373109,-0.0979087038373109,0.999995399250311,9.105815920460431e-05
-0.09680003330431645,-0.09680003330431645,1.0000528204530978,9.122858229747397e-05
-0.09595768399885855,-0.09595768399885855,0.9998468814003794,9.110437368417547e-05
-0.09512292887084187,-0.09512292887084187,1.0000341567955267,9.134298937313696e-05
-0.09446223762497538,-0.09446223762497538,1.0000496882585204,9.131441107221731e-05
-0.09316903495491716,-0.09316903495491716,1.0000560146468864,9.121038102890304e-05
-0.09213041262119077,-0.09213041262119077,0.9999959698034004,9.128979239999283e-05
-0.09156269623490516,-0.09156269623490516,0.999877774507052,9.119997980590493e-05
-0.09093410179193598,-0.09093410179193598,0.9999727867940076,9.155314157201734e-05
-0.08965187830472132,-0.08965187830472132,0.9999449464738364,9.267756693058419e-05
-0.08852303835301427,-0.08852303835301427,0.999917737083913,9.12557412874602e-05
-0.08764694442506879,-0.08764694442506879,0.99980872621383,9.15785492884903e-05
-0.08659017024619971,-0.08659017024619971,0.9999155706036753,9.203847258720834e-05
-0.0857406286697369,-0.0857406286697369,0.9998466627821001,9.124983866066032e-05
-0.08436999694822589,-0.08436999694822589,0.9999721378076728,9.122256676219034e-05
-0.08322270470525836,-0.08322270470525836,1.0001557086210142,9.12077722871358e-05
-0.08215810056717601,-0.08215810056717601,1.0002156513880278,9.103050562771467e-05
-0.08130844776314916,-0.08130844776314916,0.9999027116873883,9.204618282001072e-05
-0.08026968869817211,-0.08026968869817211,0.9999961227578573,9.126762605040117e-05
-0.07915417094918667,-0.07915417094918667,0.9998604433565156,9.146705180033084e-05
-0.07824595755519112,-0.07824595755519112,0.9998791412739954,9.147192136474948e-05
-0.07775809087615926,-0.07775809087615926,1.0001569230472644,9.120441493126958e-05
-0.07716636366239982,-0.07716636366239982,0.9999974367876471,9.15553188443087e-05
-0.07630790644034277,-0.07630790644034277,0.999816682654892,9.208348950232135e-05
-0.07533480407873867,-0.07533480407873867,0.9999332634895272,9.213341988674024e-05
-0.07473584761173697,-0.07473584761173697,0.9999541304417722,9.126140975346826e-05
-0.07412505696847801,-0.07412505696847801,0.9999484834805697,9.171257599852133e-05
-0.07288512979139342,-0.07288512979139342,0.9999085274882008,9.139904636693058e-05
-0.0719813350980985,-0.0719813350980985,0.9999375957780415,9.10513056170083e-05
-0.07082171125948662,-0.07082171125948662,0.9998133827038844,9.137104019599129e-05
-0.06971893127192744,-0.06971893127192744,0.9999119499531002,9.219935749572297e-05
-0.06888797706196784,-0.06888797706196784,1.0000707991388638,9.1030316563679e-05
-0.06826934736018302,-0.06826934736018302,1.0000167852746698,9.136815539816463e-05
-0.06771725890430388,-0.06771725890430388,0.9999454663287816,9.226641430799422e-05
-0.06698518847842934,-0.06698518847842934,0.9999139698498831,9.104149901095312e-05
-0.06598927641607588,-0.06598927641607588,1.0000455624496631,9.143197182924918e-05
-0.06515401038632262,-0.06515401038632262,1.0001081844710353,9.144316660190393e-05
-0.0644262699977844,-0.0644262699977844,0.9999476039613502,9.1476575233278e-05
-0.06395785713684746,-0.06395785713684746,0.9998918281200304,9.125322260149639e-05
-0.06317551516549429,-0.06317551516549429,1.0000362918423011,9.153123528279463e-05
-0.06231020071136299,-0.06231020071136299,0.9999049723803791,9.197263023719959e-05
-0.06134504828369245,-0.06134504828369245,1.0000760364504127,9.180128267993154e-05
-0.06072338848462096,-0.06072338848462096,1.0000940344032525,9.139241493869729e-05
-0.059383137663826344,-0.059383137663826344,1.0000474357007252,9.140740305611064e-05
-0.05901204860128928,-0.05901204860128928,1.000019193125418,9.22550645618561e-05
-0.0580842021110584,-0.0580842021110584,0.999908897395934,9.118951995938949e-05
-0.056501385718001985,-0.056501385718001985,1.000001974457263,9.47318660102195e-05
-0.05566950017673662,-0.05566950017673662,1.000081271913134,9.224487414610064e-05
-0.05472734301001765,-0.05472734301001765,0.9998575812626843,9.120621819751006e-05
-0.05385575750406133,-0.05385575750406133,0.9999887875653721,9.107075813221211e-05
-0.05296932141500292,-0.05296932141500292,0.9998594138260604,9.186892666197699e-05
-0.05187205461843405,-0.05187205461843405,0.9999859818591889,9.12214266490656e-05
-0.05108726338366978,-0.05108726338366978,0.9999717761078857,9.146621945889402e-05
-0.05047063386737136,-0.05047063386737136,0.9999983141569478,9.149324599882449e-05
-0.05010202926059719,-0.05010202926059719,0.9997886661968763,9.365308443252981e-05
-0.049410777902812696,-0.049410777902812696,0.9999012931754724,9.146033385261341e-05
-0.04854413797729649,-0.04854413797729649,0.9999646918184147,9.268285658201261e-05
-0.0475555640674429,-0.0475555640674429,1.0000343409276937,9.167989917291992e-05
-0.046902126939676235,-0.046902126939676235,0.999964981656014,9.139338934524338e-05
-0.045758809299150015,-0.045758809299150015,0.9999338803106264,9.123792387778075e-05
-0.04529805404308718,-0.04529805404308718,1.0001235606249241,9.148285697859504e-05
-0.04421977051097201,-0.04421977051097201,1.0000360425011574,9.124713916678669e-05
-0.04270377456705319,-0.04270377456705319,1.0001040925620135,9.443072033391192e-05
-0.041916433030564804,-0.041916433030564804,0.9999739900272168,9.146239076484287e-05
-0.040999127998657056,-0.040999127998657056,0.999892145889316,9.112607491214762e-05
-0.04032322056009434,-0.04032322056009434,1.0001998166163213,9.574044199484905e-05
-0.039707977093348744,-0.039707977093348744,0.9998383787896963,9.104749916254539e-05
-0.03886842589417938,-0.03886842589417938,0.9999805126988119,9.210587667437525e-05
-0.03824266642332077,-0.03824266642332077,1.0001741212298514,9.122882611636501e-05
-0.037318596258410254,-0.037318596258410254,0.9998410972038838,9.13994894477208e-05
-0.03661149932158878,-0.03661149932158878,1.0001336892764785,9.15717956812655e-05
-0.036019137951370794,-0.036019137951370794,0.9999158521375818,9.302785856434844e-05
-0.035119201175984924,-0.035119201175984924,1.0000809830659492,9.20179092898372e-05
-0.034155650272441565,-0.034155650272441565,0.9999889710507436,9.156047242798306e-05
-0.03331584718980594,-0.03331584718980594,1.0001072798043704,9.122261465732936e-05
-0.03212772686383687,-0.03212772686383687,0.9999994615235416,9.145923112403642e-05
-0.03164446214941563,-0.03164446214941563,0.9999511893799049,9.14692010913676e-05
-0.030734093932551332,-0.030734093932551332,0.9998477149800429,9.103293846120082e-05
-0.02988009189721197,-0.02988009189721197,0.9997501356022175,9.464984235860654e-05
-0.0288781456212746,-0.0288781456212746,0.9999960213548571,9.107750281459939e-05
-0.028533533822337632,-0.028533533822337632,1.0000010118395821,9.206412850874414e-05
-0.027701657549187075,-0.027701657549187075,1.000009093311362,9.200425261750612e-05
-0.026799995760666207,-0.026799995760666207,1.000078898357262,9.142434821950202e-05
-0.026211665160371923,-0.026211665160371923,1.000022579058952,9.590651925560733e-05
-0.025766631300211885,-0.025766631300211885,1.0000209682875554,9.110196377082432e-05
-0.025048995020915753,-0.025048995020915753,1.0000899629415456,9.144321197913273e-05
-0.024026660170056856,-0.024026660170056856,1.0001102448549013,9.121053287602789e-05
-0.023082140296173746,-0.023082140296173746,0.999871278449542,9.381853348474704e-05
-0.022502929749316537,-0.022502929749316537,0.9998903062329912,9.116929956712358e-05
-0.022112960981030483,-0.022112960981030483,1.0000635057135712,9.354730710259032e-05
-0.02153747015254339,-0.02153747015254339,1.0000185245759639,9.167822698336858e-05
-0.020579263805120717,-0.020579263805120717,1.0001075219605184,9.181934826315216e-05
-0.01977640647237422,-0.01977640647237422,0.9998427623805555,9.151366339146625e-05
-0.018502307351445778,-0.018502307351445778,1.0000269768593404,9.134660012954255e-05
-0.017602633993374184,-0.017602633993374184,1.0000153821922968,9.126544823876781e-05
-0.016736586573824753,-0.016736586573824753,1.0000353809376852,9.134651790577304e-05
-0.015998049831250683,-0.015998049831250683,1.0001850787611166,9.480032155693025e-05
-0.015089786841417662,-0.015089786841417662,0.9999841246565027,9.107590684238576e-05
-0.014589370529574808,-0.014589370529574808,0.9999318935848717,9.216502159736559e-05
-0.013586806855164469,-0.013586806855164469,0.9999014289710624,9.499644139675255e-05
-0.012963558117917273,-0.012963558117917273,0.999987375181376,9.160072454294367e-05
-0.012358150629734155,-0.012358150629734155,1.0000667088110977,9.580965254791265e-05
-0.011792160064214841,-0.011792160064214841,1.0000966703992904,9.130455580593152e-05
-0.01106032608950045,-0.01106032608950045,0.9998610213172754,9.147501295862323e-05
-0.010022181004751473,-0.010022181004751473,1.0000945924668128,9.192221021438739e-05
-0.009248405846301466,-0.009248405846301466,0.9999460221764901,9.35285813732772e-05
-0.008608134256792254,-0.008608134256792254,0.9999641562533268,9.140340428847056e-05
-0.008145244703337084,-0.008145244703337084,0.9997941139528812,9.260817697416098e-05
-0.007460184222145472,-0.007460184222145472,1.0000353768630625,9.178539416769267e-05
-0.006468165652768221,-0.006468165652768221,0.9999515994221684,9.23599702401912e-05
-0.005879504095355514,-0.005879504095355514,1.0000079096951817,9.126143397118554e-05
-0.0042402707069413735,-0.0042402707069413735,1.0000310952295748,9.134332499339032e-05
-0.003376663314702455,-0.003376663314702455,1.000139278234086,9.124999149550048e-05
-0.002583853901887778,-0.002583853901887778,1.0000252839804058,9.14044510688821e-05
-0.0017699728341540322,-0.0017699728341540322,0.9999353897512041,9.159006952805948e-05
-0.0011019080513506197,-0.0011019080513506197,0.9998856266469041,9.110402504654173e-05
0.0003565257313312031,0.0003565257313312031,1.0000487493339927,9.103101420010536e-05
0.0011148259334731847,0.0011148259334731847,1.0000301252936583,9.12409234896643e-05
0.0017407536128303037,0.0017407536128303037,0.9998669203967134,9.601340124861026e-05
0.002163922501495108,0.002163922501495108,0.9999742675778155,9.137737214532975e-05
0.002881243036244996,0.002881243036244996,1.0001059609884593,9.153567204272058e-05
0.003965511282149237,0.003965511282149237,0.9999728925373395,9.189905313658261e-05
0.004788617604936008,0.004788617604936008,1.000040686613086,9.279983606121512e-05
0.005600575925200246,0.005600575925200246,0.999800818746406,9.25442777767002e-05
0.006316998908005189,0.006316998908005189,1.0000455682118463,9.124298631135955e-05
0.007515261265507433,0.007515261265507433,0.9999129542743628,9.137791850175278e-05
0.008255123873823322,0.008255123873823322,1.0000228572119247,9.111787840542393e-05
0.009684212552383543,0.009684212552383543,0.9999252042734168,9.109054279511304e-05
0.010640531974786427,0.010640531974786427,1.0000436010007447,9.150986003222977e-05
0.01141440231294837,0.01141440231294837,1.0001915796523397,9.144087342212575e-05
0.012361084103758913,0.012361084103758913,1.0000523551030225,9.092450934766372e-05
0.013319587246223818,0.013319587246223818,0.9999863996421754,9.074453061071675e-05
0.014226470777066425,0.014226470777066425,1.0001222888119041,9.14403925378992e-05
0.015050212043570354,0.015050212043570354,0.9998998078190331,9.568031030546387e-05
0.015609940131253098,0.015609940131253098,0.9998553272093462,9.125976215636124e-05
0.016084255163150374,0.016084255163150374,1.0000811135802534,9.159085189391271e-05
0.016748653890681454,0.016748653890681454,0.9999876212744981,9.218752172094397e-05
0.017666940708295442,0.017666940708295442,0.9998739492632909,9.185660177365744e-05
0.018438575221807696,0.018438575221807696,1.0000808195690385,9.270099152765144e-05
0.019289199970080516,0.019289199970080516,0.999991459436911,9.157611047955976e-05
0.020194833405548708,0.020194833405548708,1.0000470153147194,9.144859244109084e-05
0.020956832585216034,0.020956832585216034,1.0001313908588645,9.147440018862155e-05
0.021679050555394496,0.021679050555394496,1.0000512816488514,9.16672429264435e-05
0.022391745359345804,0.022391745359345804,1.000144248624965,9.107649849867548e-05
0.02362228896963643,0.02362228896963643,1.0001444202538248,9.111673672962411e-05
0.02452901724172989,0.02452901724172989,1.0000140471842724,9.125876990982196e-05
0.02540780325216474,0.02540780325216474,1.0000227817600118,9.144210709533582e-05
0.026302557995950337,0.026302557995950337,0.9999297678023555,9.089821890599852e-05
0.027375921665225178,0.027375921665225178,0.9999188567189755,9.074618972991144e-05
0.028668559998914135,0.028668559998914135,0.9999703561953597,9.106479395909448e-05
0.029308604444668162,0.029308604444668162,1.0001448761038092,9.572947446877509e-05
0.029701136313087774,0.029701136313087774,0.9999390918615468,9.119570800283272e-05
0.0302924625138985,0.0302924625138985,0.9999013145363914,9.227017567537512e-05
0.031128671177430078,0.031128671177430078,0.9999270963449799,9.217813934383467e-05
0.03203581527341157,0.03203581527341157,1.0001564380924122,9.239267662792694e-05
0.032733270000608175,0.032733270000608175,0.9999285483638959,9.19381827913964e-05
0.03342596812726697,0.03342596812726697,1.0002357435839997,9.173356147485387e-05
0.03438325099268695,0.03438325099268695,0.9999719757275056,9.140368424841115e-05
0.03512754978728481,0.03512754978728481,1.0000173776546912,9.138572442089088e-05
0.03593597770668566,0.03593597770668566,0.9999439651609251,9.119173591074193e-05
0.03711995861376636,0.03711995861376636,0.9999877017186212,9.090722995298583e-05
0.03822003021778073,0.03822003021778073,1.000046746290625,9.122187824204037e-05
0.039242068810563066,0.039242068810563066,1.000194246028125,9.138569175367927e-05
0.04009780357591808,0.04009780357591808,1.0000186815907859,9.090727762322744e-05
0.04102590748661896,0.04102590748661896,0.9999778853013858,9.127788301557986e-05
0.04245837012713309,0.04245837012713309,0.9997912417905761,9.105968217108848e-05
0.043209581359406,0.043209581359406,0.9999875123901536,9.126925706925024e-05
0.043831603179569356,0.043831603179569356,0.9998605042662329,9.167285853125214e-05
0.044517601124243814,0.044517601124243814,0.9999037215335983,9.14198592428805e-05
0.04549664246442262,0.04549664246442262,1.0000962477438573,9.271996718144347e-05
0.04648244014388183,0.04648244014388183,0.9998671012275928,9.12537081749831e-05
0.047629506238445175,0.047629506238445175,0.9999021062858111,9.142480779665572e-05
0.04861400998197496,0.04861400998197496,1.0001022234377088,9.148662007559029e-05
0.049672334497154226,0.049672334497154226,0.9999760947469489,9.135246428219918e-05
0.05108643664570991,0.05108643664570991,0.9997301587899818,9.111071837512446e-05
0.05219488590810215,0.05219488590810215,0.9999646704211559,9.099796859376696e-05
0.05324755572801223,0.05324755572801223,1.000057008467411,9.129312225664573e-05
0.053905538114486264,0.053905538114486264,0.99999349004634,9.104361484060278e-05
0.05507798109028954,0.05507798109028954,1.0000111015030189,9.142347318347867e-05
0.05603705421090126,0.05603705421090126,0.9999365166473492,9.134492010125094e-05
0.056891883749631236,0.056891883749631236,0.9998318709106924,9.126399914200748e-05
0.05747344030969544,0.05747344030969544,1.0002026598141618,9.162453143007868e-05
0.05822139473311836,0.05822139473311836,1.0001309942655108,9.148737493854274e-05
0.05955304473900469,0.05955304473900469,1.0001318649813784,9.319060665623804e-05
0.0603034939369536,0.0603034939369536,0.9998955889106391,9.141122305109114e-05
0.0614075412901002,0.0614075412901002,0.9999441971887755,9.142977674834901e-05
0.06251665654563113,0.06251665654563113,1.0000136915298397,9.141492053184947e-05
0.06377179068076658,0.06377179068076658,1.0000671116186843,9.122112831025164e-05
0.0648976741838851,0.0648976741838851,1.000115886654966,9.12652688765471e-05
0.06599176892195828,0.06599176892195828,0.9999254527143673,9.098062193510224e-05
0.0669058267667424,0.0669058267667424,1.0000890815812276,9.142993928517643e-05
0.06761483277805383,0.06761483277805383,0.9999909220766305,9.183821479205676e-05
0.06876738498685882,0.06876738498685882,0.999911422872314,9.141564023890182e-05
0.0698254290924524,0.0698254290924524,1.0001599205275706,9.147578198717609e-05
0.07067385734262643,0.07067385734262643,1.0000229038932285,9.12730751978101e-05
0.07124831669498236,0.07124831669498236,0.9999584664413674,9.145578992416896e-05
0.07190146671055117,0.07190146671055117,0.999862440122309,9.174867292428361e-05
0.0726593199346098,0.0726593199346098,1.000078726994954,9.182589246648405e-05
0.07346695524902316,0.07346695524902316,1.0000553948386135,9.203614351186051e-05
0.0740300641846261,0.0740300641846261,1.0000048243598045,9.126013874773081e-05
0.07444764519459568,0.07444764519459568,1.000074616514331,9.175746997679744e-05
0.07563504326244583,0.07563504326244583,0.999795771896754,9.141991324321579e-05
0.07614943167282036,0.07614943167282036,1.0000284160529813,9.204778963485747e-05
0.07712432276603068,0.07712432276603068,1.0000865943338224,9.138059837497307e-05
0.07861640932678711,0.07861640932678711,1.000112966692321,9.105847347808708e-05
0.07945636412187014,0.07945636412187014,1.0001356417871734,9.212495136293052e-05
0.08019863206864102,0.08019863206864102,1.000021124651405,9.126973842691771e-05
0.08080611160112312,0.08080611160112312,0.9999467864704343,9.127649288524561e-05
0.08156741763377795,0.08156741763377795,1.0000347810351675,9.104597532470215e-05
0.08275223287637345,0.08275223287637345,1.0001881249720914,9.139110461162193e-05
0.08348544119216968,0.08348544119216968,0.9998903850305977,9.14216318277604e-05
0.08436904701666208,0.08436904701666208,0.9998926599198554,9.147800396707083e-05
0.08491275113046867,0.08491275113046867,1.000065596873987,9.364245557101855e-05
0.08558381463371915,0.08558381463371915,0.9999584711662228,9.152642292546475e-05
0.08656842817581492,0.08656842817581492,0.9999479503666662,9.201838760649826e-05
0.08742188543110388,0.08742188543110388,0.9998187359967888,9.173938459511663e-05
0.08801623923500301,0.08801623923500301,0.999896366645886,9.12441287500384e-05
0.08921714115858777,0.08921714115858777,1.0000912941937719,9.142841034037646e-05
0.09007676760520553,0.09007676760520553,1.0000770408469704,9.140955677121133e-05
0.09127490934188245,0.09127490934188245,0.9999293158092405,9.489788107956197e-05
0.09245518302486744,0.09245518302486744,1.0001222632527107,9.112795721728456e-05
0.09334724046493648,0.09334724046493648,0.9999834291618288,9.189687409891974e-05
0.0943450466991635,0.0943450466991635,1.000117079491748,9.134933033419497e-05
0.09508432373695541,0.09508432373695541,1.0001145007023688,9.108782262865037e-05
0.09599607291747816,0.09599607291747816,0.9999632498201952,9.209085699493593e-05
0.09689356342860264,0.09689356342860264,0.9999539156027746,9.123106276434661e-05
0.09784485373093048,0.09784485373093048,0.9999328922818813,9.146572645882531e-05
0.0983549550132011,0.0983549550132011,0.9998895408123287,9.174125043511132e-05
0.09883448185428279,0.09883448185428279,0.9999677257547939,9.321773853975238e-05
0.09978899570851354,0.09978899570851354,1.0000196478549972,9.125813152973942e-05
0.1006540158574353,0.1006540158574353,0.9999910218199869,9.274460830809804e-05
0.1014221925244783,0.1014221925244783,1.0000522745043279,9.15919110545528e-05
0.10242798328690697,0.10242798328690697,0.9999239349124027,9.14196263720591e-05
0.10317859997740016,0.10317859997740016,1.0000635566763278,9.129084319533552e-05
0.1039669151432463,0.1039669151432463,0.9999659902982743,9.14548589435222e-05
0.10474986411427381,0.10474986411427381,0.9998378827121378,9.129156111048031e-05
0.1060666103468975,0.1060666103468975,1.000064204534903,9.427974044622087e-05
0.10695079867437016,0.10695079867437016,0.9999585464120504,9.13271876916339e-05
0.10807368778187083,0.10807368778187083,0.9999662910049849,9.15510164912022e-05
0.1086560657233349,0.1086560657233349,0.9998829579334313,9.567031013816211e-05
0.10930571617063833,0.10930571617063833,1.0000596580058265,9.089693384862587e-05
0.11010013577033533,0.11010013577033533,0.9999267127904077,9.213080381923539e-05
0.11097202599194134,0.11097202599194134,1.00010298332828,9.121533227233339e-05
0.11192403242457657,0.11192403242457657,1.000092113844638,9.147924868665446e-05
0.11262464605824789,0.11262464605824789,0.9999665928608881,9.287428586722828e-05
0.11319805828097743,0.11319805828097743,0.9999320692550885,9.162256954307234e-05
0.11376822514139348,0.11376822514139348,0.9999565902515553,9.188197671374375e-05
0.11482126746705035,0.11482126746705035,1.000140206866206,9.170220003440002e-05
0.11552416090125917,0.11552416090125917,0.999940328283843,9.125794591282971e-05
0.11670495256403228,0.11670495256403228,0.9999979318836238,9.128428523564735e-05
0.11723889005224919,0.11723889005224919,1.0000199583445881,9.164529040607055e-05
0.11803435599285876,0.11803435599285876,0.999986551441619,9.104178435688372e-05
0.11869298595847795,0.11869298595847795,1.0000326439702285,9.149013435927507e-05
0.11979699779185467,0.11979699779185467,1.000048603304633,9.391280760849571e-05
0.12025249983853428,0.12025249983853428,1.000070893773249,9.2190440433992e-05
0.12130697116954252,0.12130697116954252,0.9998661506219249,9.103584246635847e-05
0.12196150189847685,0.12196150189847685,0.9999507821617751,9.141839010906942e-05
0.12261737491207896,0.12261737491207896,0.9999079972446315,9.577455232610232e-05
0.12314613826019923,0.12314613826019923,0.9999460099158199,9.124680653390307e-05
0.12386442839779192,0.12386442839779192,1.0000165293670693,9.145617617774866e-05
0.12504986025160178,0.12504986025160178,1.0000384083464564,9.14031619510014e-05
0.12567759705416393,0.12567759705416393,1.0000006716304295,9.369450677282993e-05
0.12627805276861181,0.12627805276861181,1.0000685024190308,9.126676658049951e-05
0.12667060415260495,0.12667060415260495,1.0000563926550776,9.334376989921788e-05
0.12726808991865254,0.12726808991865254,1.0000379923507492,9.222869787980142e-05
0.12839783909003016,0.12839783909003016,0.9999148994906394,9.142781388161484e-05
0.12909602487634403,0.12909602487634403,1.0000396890189152,9.130921275346895e-05
0.13057181678450433,0.13057181678450433,0.9999836923516778,9.156437093924263e-05
0.13136304282088532,0.13136304282088532,1.0000608506801822,9.102628530561588e-05
0.1320330138260033,0.1320330138260033,0.9999276595034015,9.155436090109503e-05
0.1330085845780559,0.1330085845780559,0.9999540146845665,9.431168125811787e-05
0.1336859125600313,0.1336859125600313,1.0000750068746398,9.090257225907421e-05
0.134573357066256,0.134573357066256,1.0001459508035662,9.489438104618766e-05
0.13568638876022304,0.13568638876022304,1.000033190948518,9.143530234485806e-05
0.13641024304233723,0.13641024304233723,0.9999001943714967,9.582025558758544e-05
0.1369739081172156,0.1369739081172156,1.00003130742907,9.129533681110194e-05
0.1376984123577131,0.1376984123577131,1.0001152243852058,9.149028189272774e-05
0.13874235805269564,0.13874235805269564,0.9999246196006627,9.190885032248266e-05
0.13951319191110087,0.13951319191110087,1.0001139563663568,9.34034593587017e-05
0.14020473303826292,0.14020473303826292,1.000119952907863,9.234234096519926e-05
0.1406284264259739,0.1406284264259739,0.9999143648949381,9.142793919363903e-05
0.14134135426866123,0.14134135426866123,0.9999324782724146,9.175874989442818e-05
0.14256409353547497,0.14256409353547497,1.0000340322636412,9.16214548076234e-05
0.14357028795202495,0.14357028795202495,0.9999235903101908,9.112197007982364e-05
0.14463291698048125,0.14463291698048125,0.9999932816579152,9.125869738295103e-05
0.14562234785116743,0.14562234785116743,0.9998552796994602,9.151698148528822e-05
0.14621332640817855,0.14621332640817855,1.000194250315502,9.169682178867872e-05
0.14716124649276024,0.14716124649276024,1.00013673320188,9.091332976392262e-05
0.14791085281030975,0.14791085281030975,0.9999077022820412,9.083235477676531e-05
0.14919375205645338,0.14919375205645338,0.9998593803568149,9.122633931873774e-05
0.14988916562724625,0.14988916562724625,1.0000054752989245,9.596863170826606e-05
0.15058978676242987,0.15058978676242987,1.0000363069766929,9.126684038001105e-05
0.15106302411440992,0.15106302411440992,1.0001351242302883,9.137483036417493e-05
0.15151242448046104,0.15151242448046104,1.0000779683608998,9.226540138548232e-05
0.1522917840600712,0.1522917840600712,1.0000064038879708,9.201278370205541e-05
0.15324777711211937,0.15324777711211937,1.0001294532202052,9.302279547251989e-05
0.15393530471628764,0.15393530471628764,0.9998729431884639,9.121322462703747e-05
0.15479548706352944,0.15479548706352944,1.0001978430119318,9.163171273383937e-05
0.15595183558325515,0.15595183558325515,0.9999816351194959,9.146119111706617e-05
0.15653679005336016,0.15653679005336016,1.0001003687721988,9.133643561026189e-05
0.15723420595459175,0.15723420595459175,1.000012023510366,9.11305143362663e-05
0.1584489603046677,0.1584489603046677,1.0000257030907673,9.11015328838562e-05
0.159475128359918,0.159475128359918,1.000088780029356,9.143322731581849e-05
0.16018576270580526,0.16018576270580526,0.9999645067287777,9.136938341669637e-05
0.16112918259750586,0.16112918259750586,1.0000773744467721,9.092952333670886e-05
0.16217567481362494,0.16217567481362494,1.0000516733252791,9.074696739910303e-05
0.16364576672494877,0.16364576672494877,0.9998992935250939,9.105854394857602e-05
0.1642088744614739,0.1642088744614739,0.9999739663148391,9.565704422390096e-05
0.16447227535390993,0.16447227535390993,1.0001383161910653,9.141571046017766e-05
0.1651182864079601,0.1651182864079601,0.9999766827375007,9.166426805525937e-05
0.16577484327135608,0.16577484327135608,1.0000061616270615,9.273928662720126e-05
0.1668544988031499,0.1668544988031499,0.999822849082434,9.273940891931721e-05
0.1677253043410019,0.1677253043410019,1.000088462238029,9.121300321884046e-05
0.1687041811310337,0.1687041811310337,1.0000976430474602,9.141742782411172e-05
0.16969710127305007,0.16969710127305007,0.9999676463221354,9.157637224842141e-05
0.17042995199444705,0.17042995199444705,0.9999741519180894,9.129077152711111e-05
0.17123470164515311,0.17123470164515311,1.0000924597828367,9.120044570423884e-05
0.17238762938650326,0.17238762938650326,1.000012644673514,9.110578900305171e-05
0.17321779984049498,0.17321779984049498,0.9999710356724121,9.12461611189068e-05
0.17398553926177557,0.17398553926177557,0.9999991062328938,9.12292455836623e-05
0.17482415369304363,0.17482415369304363,0.9999109261784953,9.127959159530965e-05
0.1756185252845171,0.1756185252845171,1.000315740463185,9.058677103198385e-05
0.1769466078680125,0.1769466078680125,1.000111596130091,9.108236109496372e-05
0.17790169336512918,0.17790169336512918,0.9998971620721793,9.553958252358019e-05
0.17825676610664232,0.17825676610664232,0.9999697583617675,9.126101489898201e-05
0.17894220217422116,0.17894220217422116,1.0001095085658516,9.169637813082973e-05
0.17951148336578626,0.17951148336578626,1.0000752027788768,9.236325630990358e-05
0.18032845403649844,0.18032845403649844,0.9999400024547203,9.204217963301133e-05
0.1813172798763844,0.1813172798763844,1.0000916734624379,9.213087114634693e-05
0.1818837027414702,0.1818837027414702,1.0000373207486235,9.226601905049008e-05
0.18295808541734004,0.18295808541734004,0.9999633405483536,9.134842758146693e-05
0.18384453734761336,0.18384453734761336,1.0000765146593689,9.143154179090497e-05
0.18482371777063236,0.18482371777063236,1.0001577607796537,9.214475027787893e-05
0.1858899525133893,0.1858899525133893,1.000114292193802,9.091461374869556e-05
0.18698635488835863,0.18698635488835863,1.0000040660624623,9.121508846346843e-05
0.18798662176122888,0.18798662176122888,1.0000922868812114,9.13426220234754e-05
0.18871968684397872,0.18871968684397872,0.9999347060616028,9.134075880951487e-05
0.18949769801547517,0.18949769801547517,0.999917487978319,9.110810546314054e-05
0.19079044485115446,0.19079044485115446,1.0000032646853354,9.120961914862527e-05
0.1917556076310575,0.1917556076310575,1.000026888581129,9.12846340767564e-05
0.19231475737906295,0.19231475737906295,1.0000704998331909,9.14052053377539e-05
0.19300557611859404,0.19300557611859404,1.000227513177943,9.15613004160114e-05
0.19438979325641412,0.19438979325641412,1.0002734453635085,9.250187353243293e-05
0.1952850453380961,0.1952850453380961,0.9999176364171352,9.141371455661718e-05
0.1963915299915243,0.1963915299915243,1.0000724394075327,9.143699242368614e-05
0.19747824047371978,0.19747824047371978,1.0000908641391422,9.148275948284333e-05
0.19843767682905308,0.19843767682905308,1.0001893728994347,9.136684127948453e-05
0.19985345045279246,0.19985345045279246,1.000075158310204,9.112805614964881e-05
0.2009649899948272,0.2009649899948272,1.0000149452370415,9.099747656086004e-05
0.2019495747095789,0.2019495747095789,1.0001336595075356,9.216665921971931e-05
0.2027387236666982,0.2027387236666982,0.9999168363797926,9.090234893978607e-05
0.20419613621779717,0.20419613621779717,0.9999780434738798,9.169580413483935e-05
0.20522699999710312,0.20522699999710312,0.9999509610272888,9.105421752277803e-05
0.20584845587873132,0.20584845587873132,1.0001652360109508,9.126843063972701e-05
0.20647140468936415,0.20647140468936415,0.9999089859409315,9.169182805425125e-05
0.2072993975627469,0.2072993975627469,0.9999145819426307,9.146678213124609e-05
0.20834775511466433,0.20834775511466433,1.0000505019280557,9.260527036909988e-05
0.20900430405017686,0.20900430405017686,0.9998681780003574,9.138554123716149e-05
0.20936944484565173,0.20936944484565173,1.000115010099489,9.177086627555483e-05
0.21063428560009925,0.21063428560009925,1.000187139555652,9.142759619087923e-05
0.21144184466538718,0.21144184466538718,1.0000687531812684,9.127272723939161e-05
0.2125407956147683,0.2125407956147683,1.0002442768590036,9.122576558897783e-05
0.21383237782720244,0.21383237782720244,1.0001172348313667,9.205751352421748e-05
0.2147618336166488,0.2147618336166488,1.0001370565547028,9.09823879824185e-05
0.21562903108278988,0.21562903108278988,1.0000065187290597,9.134919598790822e-05
0.21631333136174363,0.21631333136174363,0.9999216248270957,9.200455335160422e-05
0.21718585866037757,0.21718585866037757,1.000059426703359,9.14017923115537e-05
0.21800100821710658,0.21800100821710658,1.0000382036316267,9.144515979817131e-05
0.21887018831330352,0.21887018831330352,0.9999995868320793,9.18563357969001e-05
0.21947102274862118,0.21947102274862118,1.000022516694504,9.148068810502924e-05
0.22003933674714063,0.22003933674714063,0.9999870097079542,9.152533265862977e-05
0.22098450042394688,0.22098450042394688,0.999913353123398,9.124890472591615e-05
0.22201738410803956,0.22201738410803956,0.9999244299038758,9.242568041809422e-05
0.2227115977293579,0.2227115977293579,1.0000665576424042,9.121396946940799e-05
0.22378288424370113,0.22378288424370113,1.0000749704364946,9.175276519910014e-05
0.22448238275828772,0.22448238275828772,0.9997766157340514,9.145513140012621e-05
0.22510554073815,0.22510554073815,0.9999643469209701,9.197385568227545e-05
0.22606022134277737,0.22606022134277737,0.9999719647854299,9.208593851795824e-05
0.2274056003399892,0.2274056003399892,0.9997517045239859,9.10493928600718e-05
0.22820945342828053,0.22820945342828053,0.9999983693666291,9.229789975564285e-05
0.22901676882611355,0.22901676882611355,0.9999872530153147,9.126026658010631e-05
0.22971099390269956,0.22971099390269956,0.9999750150644914,9.122506696098058e-05
0.2305530439625727,0.2305530439625727,0.9999967486793263,9.104079319562527e-05
0.23170968798513059,0.23170968798513059,0.9999723998509754,9.189036860893826e-05
0.23264220948767617,0.23264220948767617,1.0001691706459415,9.141550592725543e-05
0.233275469506043,0.233275469506043,0.9999168488995489,9.148487711694122e-05
0.23381149430933873,0.23381149430933873,0.999947540426728,9.344774266673811e-05
0.23476920233952114,0.23476920233952114,0.9999439677633479,9.125057341383622e-05
0.23580303431954236,0.23580303431954236,0.9999718769815511,9.229365782278483e-05
0.23649989770055982,0.23649989770055982,1.0000094809889124,9.121884298313678e-05
0.23766762861341703,0.23766762861341703,1.0000775366414145,9.156280290896025e-05
0.2382617702081916,0.2382617702081916,1.0000135730856878,9.148041754345856e-05
0.23935725154879037,0.23935725154879037,0.9999899697757118,9.103884264176948e-05
0.24078043670306215,0.24078043670306215,1.0000924356852532,9.468454883580126e-05
0.24172398821247043,0.24172398821247043,1.0000054585160356,9.147309915128385e-05
0.2426272058408358,0.2426272058408358,1.0000513914596811,9.172917644832209e-05
0.2434932701769867,0.2434932701769867,0.9999357870141617,9.548607550332653e-05
0.24413275721890387,0.24413275721890387,0.9999641823419688,9.104585455304623e-05
0.24508581173286076,0.24508581173286076,1.0000894849843152,9.210876052645084e-05
0.24568719308881554,0.24568719308881554,0.9999038389491884,9.136609489080316e-05
0.2466146213831962,0.2466146213831962,1.0000742070207664,9.14757611839999e-05
0.24722531885199714,0.24722531885199714,0.999845034850751,9.135173462887936e-05
0.24791343306278577,0.24791343306278577,0.9999257293792825,9.308072067964434e-05
0.24875290389900329,0.24875290389900329,0.9998152774230565,9.18373271551771e-05
0.24941751126607414,0.24941751126607414,0.9999873965634848,9.160151699664384e-05
0.25020439867075767,0.25020439867075767,0.9998839130701919,9.138438910808651e-05
0.2514355048711877,0.2514355048711877,1.0000022724348434,9.160709311891046e-05
0.2520232554496033,0.2520232554496033,1.0001303811180722,9.132117557993347e-05
0.25312386351288296,0.25312386351288296,1.0001202309801795,9.122829351781371e-05
0.25401087076606926,0.25401087076606926,1.0000182461649796,9.449878948383362e-05
0.25493259026407034,0.25493259026407034,1.0001380079243414,9.108435937568562e-05
0.2557142121164361,0.2557142121164361,1.0000543148888013,9.131710114858501e-05
0.2567267533886479,0.2567267533886479,0.9999956635596294,9.18965072039211e-05
0.25742483719513987,0.25742483719513987,1.0000654230482022,9.574541535506988e-05
0.25797722468851136,0.25797722468851136,0.9999267239632665,9.109987174133571e-05
0.25869773756567155,0.25869773756567155,0.9999615786189804,9.143864228620197e-05
0.25949833578197284,0.25949833578197284,1.0000752896487974,9.121095639481957e-05
0.2606012837975868,0.2606012837975868,1.000173227879156,9.15509079777511e-05
0.2612825018746662,0.2612825018746662,1.0001382260053548,9.126879444512546e-05
0.26179294682078763,0.26179294682078763,0.9998405933705168,9.358423006379744e-05
0.26241228998987937,0.26241228998987937,0.999933588763743,9.208195999232415e-05
0.263377625218709,0.263377625218709,0.9999646800948199,9.142449534087208e-05
0.2640402630655444,0.2640402630655444,1.0000366544250465,9.135891536132172e-05
0.26505417251610197,0.26505417251610197,0.9999293070590698,9.127202500363183e-05
0.26600107289414154,0.26600107289414154,0.9999829447498119,9.133043057426789e-05
0.26700797186931596,0.26700797186931596,1.0000997562409464,9.135635407367832e-05
0.2678699109921581,0.2678699109921581,0.9999307782218583,9.429290875014768e-05
0.2686547371573397,0.2686547371573397,1.0000993901276778,9.107972709134613e-05
0.2691562617721502,0.2691562617721502,0.9999423793756556,9.21704808274176e-05
0.2701570970835746,0.2701570970835746,0.9999498812790885,9.503624285138535e-05
0.27079491338081424,0.27079491338081424,0.9999838923950547,9.142737657479593e-05
0.27153362229437333,0.27153362229437333,1.0000940612275957,9.579632813793774e-05
0.2720709505447303,0.2720709505447303,1.0000028233000067,9.509653607571382e-05
0.27257947151956613,0.27257947151956613,0.9999918113513452,9.165796668308585e-05
0.27347390148206613,0.27347390148206613,1.0000931275129248,9.191921491339222e-05
0.274365943815792,0.274365943815792,1.0001027630131234,9.35815777549347e-05
0.27500123453792186,0.27500123453792186,1.0000014321755968,9.120791167936379e-05
0.2754099541474716,0.2754099541474716,0.9998992868388108,9.263635238116883e-05
0.27612518427486066,0.27612518427486066,0.9999541588262015,9.199561495659125e-05
0.27716298013110646,0.27716298013110646,1.0001013107756473,9.14339205789362e-05
0.27770826660125747,0.27770826660125747,1.000040735033649,9.169999462244012e-05
0.27887332975078605,0.27887332975078605,1.0001285741588002,9.11389773975087e-05
0.27990446937910746,0.27990446937910746,1.0001196170861724,9.147228329318616e-05
0.2806416513965814,0.2806416513965814,0.9998857256968906,9.153311761420554e-05
0.2813573609062587,0.2813573609062587,1.0000517255644894,9.16230789880532e-05
0.2822694774324191,0.2822694774324191,1.0000252300796764,9.109535332246602e-05
0.28288746381003876,0.28288746381003876,1.000087195658562,9.085567824943319e-05
0.28427300093753727,0.28427300093753727,0.9999605719541235,9.145303493550485e-05
0.2850120325165335,0.2850120325165335,0.9999997276104592,9.581792116744467e-05
0.28556960296700706,0.28556960296700706,0.9999355511421182,9.125851875764846e-05
0.2860559966327855,0.2860559966327855,0.99995606304823,9.138252339779685e-05
0.2868153421411989,0.2868153421411989,1.0000431480642364,9.167926743243145e-05
0.28785690319782586,0.28785690319782586,0.9999872023525305,9.196276011949809e-05
0.288459422053711,0.288459422053711,0.9998806009475352,9.37678572457238e-05
0.28914046134595994,0.28914046134595994,1.0001016123964317,9.221889292554056e-05
0.2897822351704235,0.2897822351704235,0.99988448099868,9.162535214883051e-05
0.29108785922871905,0.29108785922871905,1.000011056264873,9.127822112643674e-05
0.29165714764531003,0.29165714764531003,1.0001330783815152,9.121913043308672e-05
0.2933091666505788,0.2933091666505788,0.9998585642760582,9.111061150802664e-05
0.29438598903361707,0.29438598903361707,1.000082824213996,9.151370217958625e-05
0.29515727787365903,0.29515727787365903,0.999856732622687,9.145293499307516e-05
0.29610505005839516,0.29610505005839516,0.9999818128012011,9.092426142427387e-05
0.2971058901035576,0.2971058901035576,1.0000969198136052,9.084098894666207e-05
0.29812862947583196,0.29812862947583196,1.0000604331644463,9.121948415187817e-05
0.29904271410778166,0.29904271410778166,0.9997786709942604,9.591059769398374e-05
0.29944575094705217,0.29944575094705217,0.9999719979371529,9.120053965858072e-05
0.3000466014738777,0.3000466014738777,0.9999899847706611,9.162860591159352e-05
0.3005667760327924,0.3005667760327924,0.9999706351973826,9.233474192631379e-05
0.30131089397909816,0.30131089397909816,0.9999196285628204,9.273437125351735e-05
0.30205236404581226,0.30205236404581226,0.9999057553494941,9.275133889438022e-05
0.30286658508121034,0.30286658508121034,0.9999544369733433,9.139555319650033e-05
0.3037502594612306,0.3037502594612306,1.0002155301440332,9.16385977790722e-05
0.3046401898856857,0.3046401898856857,0.9998733355791298,9.1453640938813e-05
0.3054078064087662,0.3054078064087662,0.9998049128059527,9.13078827072053e-05
0.3065184099556063,0.3065184099556063,0.9999706372957153,9.112573417578606e-05
0.30752898205682866,0.30752898205682866,1.0001520882020696,9.12662861586541e-05
0.30827341642725514,0.30827341642725514,1.000154499275094,9.12704409759656e-05
0.3091513038249104,0.3091513038249104,0.9999365443304425,9.146271052100184e-05
0.31004609053197785,0.31004609053197785,1.0000053040208496,9.090233286077431e-05
0.3112946558452677,0.3112946558452677,0.9999662331569812,9.075803543226056e-05
0.3125878632621607,0.3125878632621607,1.0001055962197694,9.549020006341422e-05
0.31313452449976464,0.31313452449976464,1.0000034813147456,9.148414048989148e-05
0.3134635794747737,0.3134635794747737,0.9999619497067755,9.117649595537126e-05
0.31403952407854374,0.31403952407854374,0.9999277037038871,9.226795426327242e-05
0.3148760192736518,0.3148760192736518,1.0000826586822036,9.21842484172473e-05
0.31596741240064147,0.31596741240064147,1.0000344197915418,9.227813044692808e-05
0.31659226657793627,0.31659226657793627,0.9999845846385638,9.210163144804905e-05
0.31746717446949335,0.31746717446949335,1.0000600223552467,9.141490938928819e-05
0.3183994970138883,0.3183994970138883,0.9999045287611452,9.172146291421003e-05
0.3191385897967848,0.3191385897967848,1.0002171750180824,9.108777484972865e-05
0.3202252443341422,0.3202252443341422,1.000008774350541,9.120166138384354e-05
0.3211529546024394,0.3211529546024394,1.0000264746869585,9.111129967845245e-05
0.3221411895385245,0.3221411895385245,0.9996352411489889,9.099963468184083e-05
0.3232285667807446,0.3232285667807446,1.000062022312403,9.140839705297659e-05
0.32391652923397485,0.32391652923397485,1.0000878654148972,9.08948457421466e-05
0.32513258272811074,0.32513258272811074,0.9999485037098715,9.181972808288024e-05
0.326390287776303,0.326390287776303,1.0000207110961663,9.120515123021552e-05
0.32691311932576356,0.32691311932576356,1.0000776387938388,9.148947566133662e-05
0.32744086576421977,0.32744086576421977,1.0000012823415247,9.14647430176003e-05
0.32808119873079705,0.32808119873079705,0.9998734614645659,9.148020204898218e-05
0.329083055612864,0.329083055612864,0.9999257784770144,9.274244966179502e-05
0.3302269793683081,0.3302269793683081,0.9999064825100892,9.125440575302033e-05
0.3312949698942248,0.3312949698942248,1.000015360340387,9.15822559067803e-05
0.3321112280711532,0.3321112280711532,0.9997803169034245,9.1932656883922e-05
0.332889396007522,0.332889396007522,1.0000116392730836,9.105358045708272e-05
0.3340370924037416,0.3340370924037416,0.9998179218236505,9.121834499382674e-05
0.3352181793365162,0.3352181793365162,0.9999429653844129,9.13113223340735e-05
0.3359381796748494,0.3359381796748494,1.000065355888716,9.099966972544475e-05
0.3369922022684477,0.3369922022684477,0.9998513350024633,9.129255830847715e-05
0.33764931513578633,0.33764931513578633,0.9999445819770221,9.104317599217368e-05
0.3388375722177443,0.3388375722177443,1.0000506196159902,9.14267385680978e-05
0.33963113144855017,0.33963113144855017,1.0000729376545308,9.155444295032861e-05
0.3405194411767297,0.3405194411767297,1.000066291406689,9.128264566289244e-05
0.3409695002657827,0.3409695002657827,0.9998452015663595,9.133137941516062e-05
0.34157097558490934,0.34157097558490934,1.0000145609164064,9.154238972878162e-05
0.34280134815344354,0.34280134815344354,0.9999451202987357,9.282143637719192e-05
0.3438701274120831,0.3438701274120831,1.0001915666736465,9.179932860513877e-05
0.34452917128801347,0.34452917128801347,0.9999701638141113,9.16386537009643e-05
0.3456184778828174,0.3456184778828174,0.9999737956746637,9.141596416431529e-05
0.3465192351926817,0.3465192351926817,0.9999687133034362,9.180764188952584e-05
0.3478223296406213,0.3478223296406213,1.0001028895429362,9.137998458272619e-05
0.34884531644784145,0.34884531644784145,0.9999797720984605,9.126239885149873e-05
0.3499308857077267,0.3499308857077267,1.0000489994272257,9.082058283275957e-05
0.3507146748364903,0.3507146748364903,0.9999667552877696,9.214697340292143e-05
0.35150869150675135,0.35150869150675135,1.0001396918921435,9.090970090691474e-05
0.3527735348630813,0.3527735348630813,1.0000150172770705,9.183204988527864e-05
0.3536436702139326,0.3536436702139326,0.9999350470646409,9.200200765742702e-05
0.3544192145185662,0.3544192145185662,1.0001997422563644,9.127670993971738e-05
0.3549945641279919,0.3549945641279919,1.0000646149993417,9.145504017136021e-05
0.3557627858564956,0.3557627858564956,1.0001567500059276,9.135028195845907e-05
0.35645797560864595,0.35645797560864595,1.0001313252406674,9.183183823113034e-05
0.35737669213995105,0.35737669213995105,0.9998311370224562,9.190136999601386e-05
0.35783111344499047,0.35783111344499047,0.9999058904928722,9.141750395764548e-05
0.35862305592308985,0.35862305592308985,1.0000184938872316,9.171954826582026e-05
0.35962768499157394,0.35962768499157394,1.000211572152309,9.127594853223963e-05
0.360638782652677,0.360638782652677,1.0001627238046389,9.120254066617459e-05
0.36174172716855535,0.36174172716855535,1.0000635052802391,9.159213548295409e-05
0.36259575873118594,0.36259575873118594,0.9999724501696452,9.205240205987242e-05
0.36348082034091933,0.36348082034091933,0.9999429413938644,9.116509116416388e-05
0.36423121248953977,0.36423121248953977,1.0001741694848998,9.14075217366709e-05
0.3648627756600035,0.3648627756600035,1.0000580465931168,9.111556983112933e-05
0.3657608378111036,0.3657608378111036,1.0001263100826663,9.125752315195935e-05
0.3667657049882109,0.3667657049882109,1.0000280267905999,9.144208380656756e-05
0.3676225650749984,0.3676225650749984,1.0001470731506017,9.141652041557121e-05
0.3683246258631698,0.3683246258631698,1.0000849843631425,9.126667228081763e-05
0.3688836682049441,0.3688836682049441,1.000077354608012,9.168072613168393e-05
0.3695507626413018,0.3695507626413018,0.9999059026482717,9.10943897239799e-05
0.3705292844810174,0.3705292844810174,0.9999786821402991,9.204255192451467e-05
0.3712876827790751,0.3712876827790751,0.999921305544223,9.175499173889886e-05
0.37209816542017504,0.37209816542017504,1.0000792382461825,9.156137468502082e-05
0.3732436420265003,0.3732436420265003,0.9998921392185016,9.146661909658535e-05
0.37407118048286064,0.37407118048286064,1.0000706272548148,9.125490885438543e-05
0.37537580888165395,0.37537580888165395,0.9999692363183794,9.48143557962794e-05
0.37656760727550137,0.37656760727550137,1.0000266019342505,9.22011844020184e-05
0.37772733577148754,0.37772733577148754,0.9999873241419663,9.111232702196191e-05
0.3786560067135724,0.3786560067135724,0.9999357215444407,9.106783884955843e-05
0.3795238011109177,0.3795238011109177,0.9999791884421219,9.12565490573535e-05
0.3804744848399423,0.3804744848399423,1.0000465034778905,9.191686169984756e-05
0.381313913554186,0.381313913554186,1.0002058688217867,9.139100251751055e-05
0.38194998573308114,0.38194998573308114,1.0000077640139238,9.168188576149115e-05
0.3823559419673984,0.3823559419673984,1.000091977953464,9.34042506264917e-05
0.3830963193468051,0.3830963193468051,0.9999473405130438,9.14587429671331e-05
0.38414873916335635,0.38414873916335635,1.0000554347266946,9.182562543143873e-05
0.38507568255445224,0.38507568255445224,1.0000865300886752,9.164958003677802e-05
0.38600198714411815,0.38600198714411815,0.9999896759876468,9.135603219383435e-05
0.3869242452245089,0.3869242452245089,0.9999827208871015,9.128417593020158e-05
0.3876038623697241,0.3876038623697241,0.9999832838879408,9.140443313581397e-05
0.3887057659681886,0.3887057659681886,1.0000222549911417,9.452870404134562e-05
0.38995057782449294,0.38995057782449294,0.9998359218967284,9.110190330625333e-05
0.3909930744572193,0.3909930744572193,1.0001176801434648,9.131065142793234e-05
0.3919673202573904,0.3919673202573904,0.9999452075667316,9.123829137166616e-05
0.3925912595746922,0.3925912595746922,0.9999885875284982,9.584110716496773e-05
0.39318883165396984,0.39318883165396984,0.9999008753318247,9.110516547104922e-05
0.3938465557555901,0.3938465557555901,0.9999514311732274,9.21277960649601e-05
0.3945807041978696,0.3945807041978696,0.9999739286973366,9.12056786744927e-05
0.39553597714257194,0.39553597714257194,0.9999786530831974,9.147998400255595e-05
0.39626070749218345,0.39626070749218345,1.000049178015304,9.12652119871949e-05
0.396893711546727,0.396893711546727,1.000166722903181,9.315143237606909e-05
0.3975160740126739,0.3975160740126739,1.0000400122419772,9.184135981894447e-05
0.3985663194674999,0.3985663194674999,1.0000191042023212,9.171300979918464e-05
0.39908745491848097,0.39908745491848097,1.000092849377112,9.131278178624826e-05
0.4001969110264326,0.4001969110264326,1.0000015593784677,9.160294991113506e-05
0.4007855042815208,0.4007855042815208,0.9998927895843657,9.13142294763613e-05
0.4015893397023319,0.4015893397023319,0.9998938404032272,9.120008694270252e-05
0.4022206260706298,0.4022206260706298,1.0000819582735203,9.14510538422728e-05
0.40354044109844833,0.40354044109844833,0.9999059025992132,9.395442002357667e-05
0.4039981724738027,0.4039981724738027,1.0001180503755833,9.219871722808943e-05
0.40505811315379103,0.40505811315379103,0.9999147303750225,9.106156280124918e-05
0.405775589379482,0.405775589379482,1.0001876307981068,9.143269868585108e-05
0.4065020872338209,0.4065020872338209,1.000003124265387,9.594748816103328e-05
0.40704095960827547,0.40704095960827547,1.0000941931661775,9.123282842492842e-05
0.407741266550147,0.407741266550147,1.0001019295375007,9.142032082383742e-05
0.4090227022097679,0.4090227022097679,0.999847528849082,9.14645964709869e-05
0.409625417344796,0.409625417344796,1.000029010930632,9.333394461137212e-05
0.41022146414616145,0.41022146414616145,0.99990153756585,9.276216569405092e-05
0.410679719527252,0.410679719527252,1.0000600339554633,9.229930522035938e-05
0.4114339837251464,0.4114339837251464,1.0000271535938063,9.180836866801777e-05
0.41252919240650954,0.41252919240650954,1.0000221975370738,9.169965355233179e-05
0.413355276537186,0.413355276537186,1.000087075995903,9.112847795813093e-05
0.4145640214541345,0.4145640214541345,1.000090862801736,9.132887293671245e-05
0.41554804982588395,0.41554804982588395,0.9998864451394542,9.149406015040472e-05
0.4161985205399105,0.4161985205399105,1.0000131887788313,9.183466905275076e-05
0.41699572698998966,0.41699572698998966,0.9999605252995615,9.437700894458229e-05
0.41761722252413164,0.41761722252413164,0.999989562966839,9.111514417241897e-05
0.41867238647973865,0.41867238647973865,1.0000763334235496,9.575554448753723e-05
0.4194844612793531,0.4194844612793531,1.0000607218395587,9.141008052621057e-05
0.42021645393397195,0.42021645393397195,1.0000324164299355,9.56859882122809e-05
0.4207259864284424,0.4207259864284424,0.9999403351246002,9.143013586865217e-05
0.4214455007546348,0.4214455007546348,0.9999888559876204,9.147865491223903e-05
0.42248751390579853,0.42248751390579853,1.0001717905230905,9.192035589346437e-05
0.4232281327509554,0.4232281327509554,0.9999561776790564,9.357780287358507e-05
0.42383685825479916,0.42383685825479916,1.0000265449454475,9.12611756198148e-05
0.42436327761533904,0.42436327761533904,1.0000958897131196,9.255334162254828e-05
0.4250872146905749,0.4250872146905749,1.0000256253799784,9.177132283372414e-05
0.4261354263057001,0.4261354263057001,1.0000627211867334,9.15713176621052e-05
0.4269731865017093,0.4269731865017093,0.9999673403380381,9.110364416502645e-05
0.4282938184274826,0.4282938184274826,1.0002382120383821,9.133736916745441e-05
0.42876128733187213,0.42876128733187213,1.000070970299396,9.126469071286125e-05
0.42950498464924747,0.42950498464924747,1.0000384006609155,9.144985755320371e-05
0.43033147391543025,0.43033147391543025,1.0000625139009234,9.156069462044666e-05
0.43115307613043113,0.43115307613043113,1.0001937682276298,9.111805954367826e-05
0.431699639368162,0.431699639368162,1.0001170773327155,9.104317527648486e-05
0.4329386335797608,0.4329386335797608,1.000030955833957,9.123952127672777e-05
0.4336334850959247,0.4336334850959247,0.9999132465477969,9.597915419159013e-05
0.43433474266639677,0.43433474266639677,1.0000887909271468,9.126476320810868e-05
0.4348172594443895,0.4348172594443895,1.0000072108773193,9.159312236919747e-05
0.4354804812683142,0.4354804812683142,0.9999564415367498,9.146417141226018e-05
0.4364746076214942,0.4364746076214942,0.9999681635786783,9.189423473216507e-05
0.43723629532760244,0.43723629532760244,1.0000268842828983,9.285990124270872e-05
0.4380217021345743,0.4380217021345743,1.0001077272875336,9.158320880913876e-05
0.43892468784179073,0.43892468784179073,1.0000018430343522,9.144405278572708e-05
0.4400254092019168,0.4400254092019168,1.0000793832207981,9.13715064259627e-05
0.4407678856543498,0.4407678856543498,1.0001278440911274,9.112431731300255e-05
0.44219404729810774,0.44219404729810774,1.0001024291320473,9.11053163122424e-05
0.4431496119606891,0.4431496119606891,1.000100601730369,9.15046566771454e-05
0.44392864397668746,0.44392864397668746,0.9999855434561267,9.139311826089977e-05
0.44487315236910946,0.44487315236910946,1.0001812563726051,9.092794398790358e-05
0.44587536403996636,0.44587536403996636,1.0000403032382639,9.08102519391262e-05
0.44682016652222956,0.44682016652222956,1.0000244812025108,9.214444019165508e-05
0.44772756078164094,0.44772756078164094,1.0000197677094007,9.563818823492767e-05
0.4481675885923323,0.4481675885923323,1.0000170588717268,9.142049664495836e-05
0.44873325143707915,0.44873325143707915,1.0000105284696312,9.144257835682236e-05
0.44944093265075935,0.44944093265075935,0.9999946588985102,9.233702151879438e-05
0.45043301409168635,0.45043301409168635,0.9999476627079755,9.210253066603422e-05
0.4512765193343512,0.4512765193343512,1.0000151051894184,9.2347081585928e-05
0.4520673096762039,0.4520673096762039,0.9999426143874921,9.157434412257931e-05
0.4529281790019013,0.4529281790019013,1.0000277247838922,9.139754202049676e-05
0.45378939152433306,0.45378939152433306,0.9999181659418399,9.152503685399151e-05
0.4542983349369024,0.4542983349369024,1.0000787233841186,9.119995085112858e-05
0.45578647265938343,0.45578647265938343,0.9999160699320939,9.105540118399621e-05
0.4567340817229706,0.4567340817229706,1.0000813409977458,9.122815057124173e-05
0.4575451241893461,0.4575451241893461,0.9999672462578136,9.149665528025816e-05
0.4584131081108353,0.4584131081108353,1.0000605507950224,9.125795924608081e-05
0.4591219268055283,0.4591219268055283,0.9998201048856942,9.089798205075161e-05
0.46044563353061674,0.46044563353061674,1.0001626761396398,9.075381325236923e-05
0.4615205157926539,0.4615205157926539,0.9998497483320932,9.538941117470323e-05
0.46194651761761635,0.46194651761761635,1.000161190426819,9.148601215763079e-05
0.46256485642225015,0.46256485642225015,1.000027640451432,9.14798007484433e-05
0.46325823306833624,0.46325823306833624,1.0001314148079508,9.236883212628023e-05
0.4642614697047975,0.4642614697047975,1.000097509780229,9.29375218819361e-05
0.4651715897969552,0.4651715897969552,1.0000031299845333,9.126233526957352e-05
0.4656311634811573,0.4656311634811573,1.00000822687453,9.226322291365065e-05
0.46670357654220423,0.46670357654220423,1.0000188462591655,9.135271875319104e-05
0.4674546171692782,0.4674546171692782,1.000130133569156,9.144967160914529e-05
0.46819575027911925,0.46819575027911925,0.9999535002641039,9.118871323104521e-05
0.469521268949029,0.469521268949029,1.0001991521011881,9.106906685244507e-05
0.4704763607747736,0.4704763607747736,0.9999261087169684,9.122111490517079e-05
0.4715281337048509,0.4715281337048509,1.0000747251084576,9.113158374651191e-05
0.47236797153746013,0.47236797153746013,1.0000414041701644,9.134430029695711e-05
0.4732415465914528,0.4732415465914528,1.0000146771949665,9.110682056133988e-05
0.474534968471562,0.474534968471562,0.9999552703090295,9.121565399353439e-05
0.47550099182553823,0.47550099182553823,1.000028337556131,9.128680310939255e-05
0.47606036760116693,0.47606036760116693,1.000061815825649,9.140250862879626e-05
0.4767529057498905,0.4767529057498905,1.0000473672147656,9.154805397037586e-05
0.4778492419834947,0.4778492419834947,0.9998902892023738,9.266649610819077e-05
0.4789663184434175,0.4789663184434175,1.000193362927331,9.126900469339302e-05
0.47961277330468877,0.47961277330468877,1.0000945729881818,9.178220428343654e-05
0.48081852403556696,0.48081852403556696,0.9999558947435643,9.126627182247501e-05
0.48174880557198774,0.48174880557198774,0.9999130420595584,9.124412599783864e-05
0.4831193048885325,0.4831193048885325,1.0000318055852415,9.121870352917659e-05
0.48419396826357114,0.48419396826357114,1.0001431135493815,9.141230985436009e-05
0.48512180350662676,0.48512180350662676,0.9998959815143353,9.089827615480322e-05
0.4859957194072194,0.4859957194072194,1.000059937728906,9.143015798127786e-05
0.48676867612666685,0.48676867612666685,1.0000158403071604,9.125187862341945e-05
0.48811985315405765,0.48811985315405765,1.0002223000157642,9.149088199044084e-05
0.4891437130921986,0.4891437130921986,0.9999602816184773,9.127086852696431e-05
0.48973021854035326,0.48973021854035326,1.0000881788274083,9.120208513775375e-05
0.4903285779830185,0.4903285779830185,1.0000147225186147,9.154648947476247e-05
0.4911852564153378,0.4911852564153378,0.99997502455765,9.208841683693555e-05
0.4923540495452471,0.4923540495452471,0.999980923203793,9.199296038282373e-05
0.4928127080464037,0.4928127080464037,1.000004916535622,9.141775676785866e-05
0.49334074256621535,0.49334074256621535,1.000069108572791,9.179313850809057e-05
0.49434346066846047,0.49434346066846047,0.9999953594838912,9.14195032876585e-05
0.49526159046945395,0.49526159046945395,0.9999759485973764,9.125913230581892e-05
0.49659580129082315,0.49659580129082315,1.0000273685784982,9.12272316171145e-05
0.4976233123044949,0.4976233123044949,0.9999464626675343,9.217066484012957e-05
0.49870318420435067,0.49870318420435067,0.9998310987910989,9.097875310395392e-05
0.49947976167168234,0.49947976167168234,1.0001480114499894,9.212625768446759e-05
