class,TIC_ID,TESSMagnitude,StarTemp,StarRadius,StarLuminosity,NFluxRegions,MeanFluxSep,StarGap
not,260351540,0.35618932,0.578341617,0.623660825,0.2258708,0.333333333,0,0.278341617
not,220423218,0.876003972,0.108291917,0.055268323,0.001207239,0.333333333,0,0.191708083
toi,453211454,0.317530891,0.71782893,0.584331171,0.346055385,0.333333333,0,0.41782893
not,149347296,0.490269197,0.795448601,0.725405021,0.54446676,0.666666667,0.069951979,0.495448601
toi,101955023,0.638724625,0.116400732,0.071205598,0.001936434,0.333333333,0,0.183599268
toi,167303382,0.272848632,0.632953178,0.436160607,0.165008278,0.333333333,0,0.332953178
toi,120585579,0.830626655,0.882552969,0.698748767,0.728625689,0.333333333,0,0.582552969
toi,452866790,0.678442189,0.134187811,0.160539958,0.005708867,0,0,0.165812189
toi,307610438,0.415048544,0.782631441,0.711550462,0.583233381,0.333333333,0,0.482631441
not,260995123,0.427460282,0.65681402,0.485396933,0.184665395,0.333333333,0,0.35681402
toi,259701242,0.351632833,0.831545906,0.585076542,0.468808309,0.333333333,0,0.531545906
not,38635641,0.660889232,0.381768245,0.362807448,0.047059466,0.333333333,0,0.081768245
not,220536759,0.393435569,0.743648967,0.528596381,0.272200741,0.333333333,0,0.443648967
not,142149242,0.515081642,0.736643997,0.644041738,0.376847044,0,0,0.436643997
not,141805493,0.504247573,0.757520272,0.587583192,0.339405012,0.333333333,0,0.457520272
not,348898049,0.629633716,0.630371436,0.3936124,0.120443713,0.333333333,0,0.330371436
not,259999047,0.372908208,0.155113785,0.208176072,0.00790986,0.666666667,0.037908145,0.144886215
not,279615427,0.57902692,0.375205336,0.198379567,0.0182841,0.666666667,0.055619589,0.075205336
toi,101230735,0.509421889,0.751216322,0.707562135,0.53109062,0.333333333,0,0.451216322
not,294874367,0.523168579,0.72749673,0.573026492,0.299530084,0.333333333,0,0.42749673
not,260046359,0.529997793,0.578080042,0.592397773,0.206234512,0.666666667,0.051440969,0.278080042
not,92251004,0.380759047,0.637719069,0.423934151,0.139134044,0.333333333,0,0.337719069
not,294873759,0.429931598,0.786842794,0.916091718,0.811865473,0.333333333,0,0.486842794
not,157324520,0.087389673,0.71870259,0.551762151,0.273822924,0,0,0.41870259
toi,406941612,0.600463372,0.174208737,0.210698062,0.01013017,0.666666667,0.016508399,0.125791263
not,350298298,0.680593557,0.243787601,0.299643351,0.020341377,0.333333333,0,0.056212399
not,349677687,0.454578553,0.919173424,0.804327894,0.894448275,0.333333333,0,0.619173424
toi,183120439,0.743623124,0.784985613,0.817415466,0.752943787,0.333333333,0,0.484985613
not,376935746,0.837356575,0.074025634,0.044401524,0.000780236,0.333333333,0,0.225974366
toi,394698182,0.763614298,0.825791263,0.764584067,0.742048539,0,0,0.525791263
not,167303382,0.272848632,0.632953178,0.436160607,0.143875575,0.333333333,0,0.332953178
toi,123482865,0.488184025,0.783416165,0.939700945,0.966502719,0.333333333,0,0.483416165
not,177309385,0.232921447,0.921360188,0.770796655,0.832754576,0.333333333,0,0.621360188
toi,255685030,0.611098853,0.7345017,0.551695911,0.327804852,0,0,0.4345017
not,300443382,0.510845102,0.564140727,0.474516886,0.1348528,0,0,0.264140727
not,231815113,0.872473522,0.055453832,0.05000122,0.000770234,0,0,0.244546168
not,391904670,0.428353928,0.677216845,0.691671577,0.362638362,0.333333333,0,0.377216845
toi,102195674,0.694472639,0.884645566,0.768223765,0.867765994,0.333333333,0,0.584645566
not,308599430,0.568612092,0.406748627,0.396408413,0.059467533,0.666666667,0.364810209,0.106748627
not,219410598,0.466251103,0.636934345,0.537669826,0.207710842,0.333333333,0,0.336934345
not,49644110,0.211893204,0.55898509,0.42921241,0.112106256,0.333333333,0,0.25898509
not,38843695,0.657093998,0.446769553,0.366634709,0.060091857,0.333333333,0,0.146769553
not,306470369,0.358781995,0.759874444,0.900933283,0.733169543,0.333333333,0,0.459874444
not,326197647,0.312312445,0.63381899,0.473263909,0.165488258,0.666666667,0.027389358,0.33381899
not,150301109,0.825088261,0.165053623,0.147219501,0.005089339,0.333333333,0,0.134946377
not,388107335,0.41283098,0.743656814,0.730404376,0.480314405,0.666666667,0.021222825,0.443656814
not,25116423,0.759267432,0.176562909,0.197637683,0.008095566,0.333333333,0,0.123437091
not,167309586,0.563470874,0.639092336,0.454358399,0.156876523,0.333333333,0,0.339092336
not,140760006,0.71266549,0.208736594,0.242892653,0.012674425,0.333333333,0,0.091263406
not,349945315,0.496546778,0.475935129,0.433643498,0.087419684,0,0,0.175935129
not,231728497,0.6630406,0.145435522,0.206697881,0.007478933,0.333333333,0,0.154564478
not,313936437,0.390633274,0.568469788,0.391531776,0.099140919,0.666666667,0.00727714,0.268469788
toi,260304800,0.849470432,0.645827884,0.570337857,0.270722055,0.333333333,0,0.345827884
not,220476607,0.149724184,0.741825791,0.516122397,0.259975274,0.333333333,0,0.441825791
not,349518888,0.82923654,0.127125294,0.128081803,0.003516557,0,0,0.172874706
not,362253884,0.589849956,0.086581219,0.080764337,0.001598108,0.333333333,0,0.213418781
not,388128620,0.358903354,0.745461679,0.751991549,0.508526439,1,0.01713806,0.445461679
not,237915249,0.542950132,0.496468742,0.426016867,0.090785656,0.333333333,0,0.196468742
not,88481300,0.179181377,0.772445723,0.583172324,0.348574775,0.333333333,0,0.472445723
not,309781635,0.853883495,0.123724823,0.051504513,0.001236216,0.333333333,0,0.176275177
not,391925508,0.44755075,0.855767722,0.838612173,0.825098269,0,0,0.555767722
not,370101728,0.226003972,0.713083965,0.67345217,0.382331855,0.333333333,0,0.413083965
toi,73723286,0.448345102,0.744179963,0.942782835,0.875711342,0.333333333,0,0.444179963
not,167526213,0.31299647,0.739994769,0.67602506,0.414339841,0.333333333,0,0.439994769
not,454281030,0.51249669,0.246926498,0.289588163,0.019531536,0.666666667,0.162448965,0.053073502
not,149420149,0.577482348,0.617054669,0.45739148,0.148699314,0.333333333,0,0.317054669
not,55452503,0.48837158,0.66518441,0.568197269,0.247972942,0.666666667,0.109818311,0.36518441
not,359271092,0.289159312,0.243002877,0.279595031,0.018191815,0.333333333,0,0.056997123
toi,279741379,0.214651368,0.474111954,0.405232937,0.089052282,0,0,0.174111954
not,41031598,0.61370256,0.2448339,0.262766658,0.016655098,0.333333333,0,0.0551661
toi,158588995,0.753375993,0.155636934,0.207545749,0.009099408,0.333333333,0,0.144363066
not,141914082,0.387279347,0.377713837,0.642047574,0.122439808,0.333333333,0,0.077713837
not,201287746,0.516205869,0.147789694,0.141655365,0.004449975,0.333333333,0,0.152210306
not,290754629,0.343998235,0.83233063,0.661215255,0.50787105,0.333333333,0,0.53233063
not,279949279,0.604766108,0.70599006,0.448319429,0.185539752,0.333333333,0,0.40599006
toi,161477033,0.553133274,0.646089459,0.526565262,0.235985919,0.666666667,0.021700731,0.346089459
not,38707482,0.607127096,0.466387654,0.460040371,0.093534123,0.333333333,0,0.166387654
not,150100106,0.946359223,0.0609469,0.055180468,0.000888644,0.333333333,0,0.2390531
not,364588501,0.458274492,0.729531781,0.764611957,0.501775553,0.333333333,0,0.429531781
toi,425997655,0.40859444,0.522364635,0.395408542,0.100043711,0.333333333,0,0.222364635
not,293936969,0.356542365,0.913680356,0.718739214,0.721149027,0.333333333,0,0.613680356
toi,201248411,0.53538173,0.436829715,0.446327357,0.09226964,0,0,0.136829715
not,309792357,0.550672992,0.618362543,0.525823377,0.189279258,0.333333333,0,0.318362543
toi,43647325,0.594991174,0.851687157,0.678751347,0.640678365,0.333333333,0,0.551687157
not,218970017,0.639099735,0.119539629,0.103507567,0.002581491,0,0,0.180460371
not,55650590,0.814585172,0.148312843,0.158550675,0.005196967,0.333333333,0,0.151687157
not,453976070,0.38886143,0.258435783,0.356373829,0.028521087,0.333333333,0,0.041564217
not,358460382,0.511275375,0.730907664,0.710211723,0.441301711,0.333333333,0,0.430907664
not,280793604,0.284410856,0.777651059,0.517685654,0.287626629,0.333333333,0,0.477651059
not,251823163,0.444482568,0.195134711,0.278112656,0.014705524,0.333333333,0,0.104865289
not,200781244,0.272749338,0.478396547,0.369824674,0.067763318,0.666666667,0.018982086,0.178396547
not,38468952,0.488128861,0.808579649,0.793952663,0.662573162,0.666666667,0.431963974,0.508579649
toi,31374837,0.34451677,0.54276746,0.419992539,0.117906463,0.333333333,0,0.24276746
not,237920279,0.346006178,0.756735548,0.512952653,0.267793724,0.333333333,0,0.456735548
not,220422671,0.52325684,0.773214753,0.556596952,0.322095165,0,0,0.473214753
not,38954437,0.871932921,0.056500131,0.064610911,0.001025647,0,0,0.243499869
not,356209404,0.399602824,0.635888046,0.442150071,0.148467086,0.333333333,0,0.335888046
not,31799716,0.547109444,0.957964949,0.398423495,0.290628159,0.333333333,0,0.657964949
toi,77044471,0.905759047,0.797018049,0.738018456,0.646508445,0.333333333,0,0.497018049
not,340007359,0.621348191,0.288778446,0.324062795,0.027631917,0.333333333,0,0.011221554
not,246897668,0.462338923,0.156421658,0.234358887,0.009496129,0.333333333,0,0.143578342
toi,167415965,0.326687996,0.661828407,0.469940768,0.203375239,0.333333333,0,0.361828407
toi,207081058,0.539276258,0.851948731,0.769088367,0.801445033,0.333333333,0,0.551948731
not,131799991,0.768733451,0.030865812,0.029816237,0.000373796,0.333333333,0,0.269134188
not,358402782,0.3815203,0.691865027,0.639976712,0.329336645,0.333333333,0,0.391865027
toi,243200602,0.600529568,0.729008632,0.651892887,0.432374942,0,0,0.429008632
not,300510333,0.509631509,0.645817421,0.583788702,0.245849179,0,0,0.345817421
not,229047482,0.228056046,0.384514779,0.528997305,0.08946124,0.333333333,0,0.084514779
toi,251848941,0.592696381,0.398378237,0.374094695,0.060236346,0.333333333,0,0.098378237
not,31374837,0.34451677,0.54276746,0.419992539,0.102793671,0.333333333,0,0.24276746
toi,231728511,0.711473963,0.172116139,0.191275881,0.008724402,0.333333333,0,0.127883861
not,167123841,0.555770079,0.735074549,0.59492813,0.326449903,0.333333333,0,0.435074549
not,33880047,0.396182701,0.786685849,1,0.953077178,0.666666667,0.174962334,0.486685849
not,140142136,0.56021624,0.203243526,0.232194591,0.011563143,0.666666667,0.043039901,0.096756474
not,350522060,0.542420565,0.721462202,0.63351311,0.351187239,0.666666667,0.027589729,0.421462202
not,146249749,0.345300088,0.595605545,0.398159233,0.11069054,0.333333333,0,0.295605545
not,55367907,0.615180936,0.487653675,0.426193971,0.088269038,0.333333333,0,0.187653675
not,453099619,0.336937335,0.662045514,0.58522715,0.258721701,0.333333333,0,0.362045514
not,308183430,0.488157546,0.27386869,0.349575543,0.029418705,0.666666667,0.085055008,0.02613131
toi,271596225,0.735503089,0.206905572,0.243634538,0.014531964,0.333333333,0,0.093094428
not,176521059,0.035447926,0.76353649,0.555572677,0.31290646,0,0,0.46353649
not,142082942,0.87167917,0.119278054,0.119139442,0.003075988,0.333333333,0,0.180721946
not,150029272,0.411771845,0.839837824,0.70620945,0.58187697,0.666666667,0.080078082,0.539837824
not,117768715,0.259808032,0.685215799,0.54096717,0.241071658,0.333333333,0,0.385215799
not,307216840,0.330880406,0.791812713,0.730501992,0.546110915,0.333333333,0,0.491812713
toi,260271203,0.92956752,0.88150667,0.803386592,0.933381232,0.333333333,0,0.58150667
not,260191777,0.487621359,0.729008632,0.575740229,0.303252921,0.333333333,0,0.429008632
not,54237857,0.267464695,0.581090766,0.494227035,0.152214926,0.333333333,0,0.281090766
toi,238932509,0.828000883,0.583049961,0.543075684,0.206448355,0.333333333,0,0.283049961
not,269076634,0.476930715,0.221815328,0.238403693,0.013037503,0.333333333,0,0.078184672
not,358174909,0.502526478,0.585142558,0.517771417,0.166872531,0.333333333,0,0.285142558
not,260159741,0.493932039,0.763301072,0.771542723,0.558650438,0.333333333,0,0.463301072
not,279251651,0.61129744,0.238032958,0.300487036,0.019948561,0.333333333,0,0.061967042
not,206402844,0.167409532,0.828684279,0.667908952,0.512223894,0.333333333,0,0.528684279
toi,1528696,0.895939982,0.484697881,0.459217604,0.113649366,0.333333333,0,0.184697881
not,38815302,0.534124007,0.695215799,0.560270119,0.26344088,0.666666667,0.177268094,0.395215799
toi,1003831,0.620289056,0.715145174,0.695638987,0.467043246,0.333333333,0,0.415145174
not,388130597,0.466438658,0.752811928,0.650672682,0.4008608,0,0,0.452811928
not,41533357,0.113128861,0.833539105,0.828376395,0.762794642,0.333333333,0,0.533539105
not,140894185,0.446491615,0.547475804,0.458035051,0.120626313,0.333333333,0,0.247475804
not,140940493,0.569660194,0.706317029,0.485545449,0.212499728,0,0,0.406317029
toi,159510109,0.419737423,0.811927805,0.692808111,0.600332218,0,0,0.511927805
toi,150151262,0.535977493,0.441538059,0.415689747,0.08325786,0.333333333,0,0.141538059
not,219144853,0.541372462,0.590112477,0.508282404,0.164114214,0.333333333,0,0.290112477
not,149422364,0.554225508,0.538582265,0.451236068,0.114391404,0.333333333,0,0.238582265
not,238633709,0.487565093,0.162437876,0.213719987,0.008507287,0.333333333,0,0.137562124
toi,150151262,0.535977493,0.441538059,0.415689747,0.08325786,0.666666667,0.043013121,0.141538059
not,231801885,0.577394086,0.772953178,0.463130628,0.235040564,0.333333333,0,0.472953178
not,358176584,0.682171227,0.223384776,0.28133609,0.016914716,0,0,0.076615224
not,55780996,0.515070609,0.724823437,0.602800894,0.324823175,0.333333333,0,0.424823437
not,316781121,0.153872462,0.63907141,0.464047525,0.1625481,0.333333333,0,0.33907141
not,348957793,0.529324801,0.757813236,0.643741916,0.398667331,0.333333333,0,0.457813236
not,167756732,0.299492498,0.36725085,0.38221917,0.048615351,0.666666667,0.011853327,0.06725085
not,350518799,0.557502207,0.70371436,0.546817879,0.258644039,0.333333333,0,0.40371436
not,220616718,0.201886584,0.675647397,0.517666828,0.217516295,0.333333333,0,0.375647397
not,38698692,0.247958959,0.764122417,0.671011759,0.436312421,0.333333333,0,0.464122417
not,31673724,0.387257282,0.842793618,0.589563411,0.426356569,0.333333333,0,0.542793618
not,141028962,0.790103707,0.116662307,0.148035993,0.004046285,0.666666667,0.06332394,0.183337693
not,141899106,0.43037511,0.296887261,0.364092499,0.034426483,0.333333333,0,0.003112739
toi,339961200,0.516935128,0.657598744,0.528903175,0.24581925,0,0,0.357598744
toi,62483237,0.476147396,0.415642166,0.401930016,0.072014994,0.333333333,0,0.115642166
toi,5868998,0.980736981,0.216583835,0.459714751,0.042036459,0.333333333,0,0.083416165
not,270415707,0.342583848,0.223646351,0.226292982,0.012154811,0.333333333,0,0.076353649
not,141157180,0.58135481,0.797541198,0.537359546,0.323131665,0.333333333,0,0.497541198
not,425997655,0.40859444,0.522364635,0.395408542,0.087214354,0.333333333,0,0.222364635
not,350335082,0.595344219,0.436306566,0.427248228,0.074621036,0.333333333,0,0.136306566
not,425940518,0.294902913,0.566515825,0.449204252,0.123835446,0.333333333,0,0.266515825
toi,377064495,0.494207855,0.686371959,0.499441146,0.24182031,0.666666667,0.17907514,0.386371959
toi,100608026,0.643832745,0.308658122,0.345223943,0.037949026,0.666666667,0.06204638,0.008658122
not,140691843,0.597992056,0.603557416,0.487257223,0.158994603,0.333333333,0,0.303557416
not,38403917,0.653420124,0.197488883,0.072984308,0.002577524,0.333333333,0,0.102511117
not,169304011,0.579291703,0.162437876,0.121263993,0.003903274,0.333333333,0,0.137562124
toi,161477033,0.553133274,0.646089459,0.526565262,0.235985919,0.333333333,0,0.346089459
not,294927550,0.856917476,0.140465603,0.129613683,0.00381849,0.333333333,0,0.159534397
toi,259377017,0.601312886,0.187287471,0.174365929,0.008202874,0.333333333,0,0.112712529
not,267083739,0.267928067,0.615576772,0.480642316,0.1610032,0,0,0.315576772
toi,125405602,0.676820388,0.194611562,0.226076134,0.01231255,0.333333333,0,0.105388438
not,220028962,0.292872904,0.796201936,0.60538494,0.396110177,0.333333333,0,0.496201936
not,309703910,0.693038394,0.217106984,0.262613958,0.014802052,0.333333333,0,0.082893016
not,350654290,0.536231244,0.625686634,0.490067878,0.171451919,0.333333333,0,0.325686634
not,156918868,0.418601059,0.320952132,0.404785993,0.044970555,0.333333333,0,0.020952132
not,452501166,0.268534863,0.707062516,0.551832574,0.265215355,0.333333333,0,0.407062516
not,306669607,0.617586055,0.466780016,0.430162078,0.083663888,0.333333333,0,0.166780016
not,147946697,0.462086275,0.284593251,0.388429666,0.036476411,0.333333333,0,0.015406749
toi,31374837,0.34451677,0.54276746,0.419992539,0.117906463,0.333333333,0,0.24276746
not,220571983,0.332877317,0.39628564,0.392390103,0.056353488,0.333333333,0,0.09628564
not,25132720,0.725981906,0.228354695,0.244809421,0.013952926,0.333333333,0,0.071645305
not,37749396,0.380770079,0.32252158,0.344368404,0.034723756,0.666666667,0.03132458,0.02252158
not,149478846,0.472208738,0.900340047,0.754871233,0.762161983,0,0,0.600340047
not,122574885,0.492180053,0.167930944,0.120020081,0.00395597,0.333333333,0,0.132069056
not,144370079,0.531416593,0.087889092,0.045724227,0.000882442,0.333333333,0,0.212110908
toi,118327550,0.584697705,0.154590636,0.197197712,0.008406507,0.333333333,0,0.145409364
not,207241048,0.691262136,0.17996338,0.143116125,0.005255573,0.333333333,0,0.12003662
not,78012819,0.357711827,0.548129741,0.411050178,0.10086463,0.333333333,0,0.248129741
not,306735869,0.146182701,0.608608423,0.473099356,0.153528356,0,0,0.308608423
toi,234112540,0.930637688,0.895631703,0.800946182,0.961119451,0.333333333,0,0.595631703
toi,123702439,0.561518094,0.896939576,0.58776936,0.556534075,0.333333333,0,0.596939576
not,21505943,0.698510591,0.108291917,0.116990486,0.002837112,0,0,0.191708083
not,38570936,0.583517211,0.656829715,0.497928092,0.192867986,0.333333333,0,0.356829715
toi,362249359,0.562477935,0.288778446,0.334023156,0.033303821,0.333333333,0,0.011221554
not,101955023,0.638724625,0.116400732,0.071205598,0.001646497,0.666666667,0.04242892,0.183599268
not,123089572,0.184002648,0.623502485,0.391470417,0.116980759,0.333333333,0,0.323502485
not,52687259,0.043744484,0.912932252,0.743645346,0.765067667,0.333333333,0,0.612932252
toi,294395926,0.647440424,0.725085012,0.650344969,0.425967274,0.333333333,0,0.425085012
not,158072072,0.341107679,0.768435783,0.536744562,0.29868414,0.333333333,0,0.468435783
not,397125777,0.377129303,0.756047607,0.533526707,0.285980958,0.333333333,0,0.456047607
toi,366989877,0.373830538,0.857964949,0.729776842,0.740591383,0.333333333,0,0.557964949
not,220022156,0.277305825,0.589173424,0.462136335,0.139197688,0.333333333,0,0.289173424
not,294093302,0.640214034,0.10175255,0.121108504,0.00286563,0.333333333,0,0.19824745
not,334415465,0.553177405,0.096521057,0.035372703,0.000743845,0.333333333,0,0.203478943
not,293970254,0.40157767,0.758006801,0.494033197,0.251997334,0.666666667,0.024530047,0.458006801
not,259698709,0.281398941,0.718294533,0.764312135,0.486212906,0,0,0.418294533
toi,12862099,0.811065755,0.696834946,0.58543842,0.327563943,0.666666667,0.042750956,0.396834946
not,302047241,0.512180053,0.43264452,0.434231985,0.075715118,0.333333333,0,0.13264452
not,232028066,0.332237423,0.759843055,0.62783044,0.383551712,0.333333333,0,0.459843055
not,333606239,0.144097529,0.746010986,0.528354431,0.273728593,0.333333333,0,0.446010986
not,382246984,0.602691968,0.657075595,0.442553088,0.158111533,0.333333333,0,0.357075595
not,349965094,0.378706973,0.794140727,0.910555472,0.818415574,0.333333333,0,0.494140727
not,271642286,0.928078111,0.072194612,0.045236842,0.000784316,0.333333333,0,0.227805388
not,302444623,0.744869815,0.113523411,0.0534673,0.001205932,0.333333333,0,0.186476589
toi,270380593,0.626974846,0.554538321,0.504185304,0.166468015,0.333333333,0,0.254538321
not,272002097,0.628067079,0.266283024,0.318140965,0.024524957,0.333333333,0,0.033716976
not,348998165,0.444947043,0.90164792,0.672957115,0.622931598,0.333333333,0,0.60164792
not,375273873,0.438713592,0.804865289,0.596172739,0.394428138,0,0,0.504865289
toi,259377017,0.601312886,0.187287471,0.174365929,0.008202874,0.666666667,0.02336849,0.112712529
not,231017428,0.502563989,0.186764321,0.253861949,0.012307937,0.333333333,0,0.113235679
not,146663593,0.493451015,0.166884646,0.242168897,0.010472015,0.333333333,0,0.133115354
not,25155713,0.609697705,0.65779231,0.451240251,0.163692947,0.333333333,0,0.35779231
not,286763141,0.515836275,0.191472665,0.239467014,0.01150018,0.666666667,0.082737045,0.108527335
toi,398943781,0.633241395,0.714098875,0.52697804,0.286410421,0,0,0.414098875
not,316935835,0.332270521,0.509285901,0.425685668,0.094510766,0,0,0.209285901
not,393385130,0.309852162,0.613392624,0.520777306,0.183446675,0.333333333,0,0.313392624
not,220478522,0.497098411,0.75250327,0.607221523,0.354675197,0.333333333,0,0.45250327
toi,439456714,0.737389673,0.222861627,0.278086858,0.019052197,0,0,0.077138373
not,364393429,0.462477935,0.830761182,0.685507797,0.539261531,0.333333333,0,0.530761182
not,300157969,0.502647838,0.452524196,0.386932648,0.066916616,0.333333333,0,0.152524196
toi,328350926,0.358903464,0.722992414,0.917597799,0.786669763,0.333333333,0,0.422992414
not,306829151,0.463184025,0.82893016,0.671743882,0.517770076,0.333333333,0,0.52893016
not,306573721,0.50332083,0.678263144,0.574400095,0.262275197,0.333333333,0,0.378263144
not,58462925,0.439548764,0.205074549,0.229358137,0.011443809,0.333333333,0,0.094925451
toi,278683844,0.466802736,0.605283809,0.484855162,0.181752435,0.666666667,0.100709462,0.305283809
toi,458478250,0.520656443,0.806173162,0.584597524,0.438547664,0.333333333,0,0.506173162
toi,14661418,0.820035305,0.49921266,0.466432155,0.122344833,0.333333333,0,0.19921266
not,394634714,0.442475728,0.541666231,0.431350907,0.107098781,0,0,0.241666231
toi,70899085,0.627217564,0.251896416,0.337101559,0.029146016,0.333333333,0,0.048103584
not,290543478,0.095355252,0.707046822,0.526658695,0.244677813,0.333333333,0,0.407046822
not,49934962,0.213669462,0.422882553,0.43886249,0.074520265,0.333333333,0,0.122882553
not,220411010,0.45440203,0.844101491,0.778780283,0.700866063,0.333333333,0,0.544101491
toi,307210830,0.481533539,0.160345279,0.132392265,0.005007646,0.333333333,0,0.139654721
not,20180572,0.328387026,0.758187287,0.579648372,0.332048365,0.333333333,0,0.458187287
toi,201793781,0.376919682,0.7574418,0.695304302,0.523489892,0.333333333,0,0.4574418
toi,98796344,0.418704766,0.148574418,0.105752047,0.003575807,0.333333333,0,0.151425582
toi,1133072,0.835966461,0.171331415,0.258875947,0.013617299,0.333333333,0,0.128668585
not,141768040,0.594715357,0.58462464,0.482863089,0.147884055,0.333333333,0,0.28462464
not,344081664,0.19804722,0.700442061,0.553644753,0.261859612,0.333333333,0,0.400442061
not,54003038,0.59701015,0.125032697,0.119271224,0.003173057,0.333333333,0,0.174967303
toi,229047362,0.680681818,0.763798064,0.524672201,0.325308973,0.333333333,0,0.463798064
not,231076815,0.416206973,0.77138373,0.942573657,0.821116686,0.333333333,0,0.47138373
toi,55652896,0.7201015,0.57801988,0.472359563,0.160144807,0.333333333,0,0.27801988
not,300939511,0.511948367,0.84070102,0.520144891,0.341430277,0.333333333,0,0.54070102
not,167169110,0.434421889,0.847240387,0.703120588,0.588271748,0.333333333,0,0.547240387
not,198076363,0.619770521,0.406251635,0.334191893,0.044976995,0.333333333,0,0.106251635
toi,160148385,0.757259488,0.717760921,0.691866809,0.465891913,0.333333333,0,0.417760921
not,392011927,0.531233451,0.75124248,0.668641075,0.418878315,0.333333333,0,0.45124248
not,7445600,0.455649823,0.234894062,0.284681544,0.018087218,0.666666667,0.088159343,0.065105938
not,238949177,0.107049868,0.788477635,0.703518026,0.506177646,0.333333333,0,0.488477635
toi,184952758,0.439883054,0.742087366,0.589974794,0.37600131,0.666666667,0.259457756,0.442087366
not,71094440,0.08521624,0.827949255,0.62576655,0.455712693,0,0,0.527949255
toi,370133522,0.559212268,0.188333769,0.185962062,0.009020293,0.333333333,0,0.111666231
not,31675050,0.514860989,0.560816113,0.450923695,0.122461402,0.333333333,0,0.260816113
toi,307210830,0.481533539,0.160345279,0.132392265,0.005007646,0.333333333,0,0.139654721
not,101534291,0.449890777,0.156683233,0.259420507,0.011103991,0.333333333,0,0.143316767
toi,170102285,0.740346425,0.583311535,0.53199901,0.199396313,0.333333333,0,0.283311535
not,177117623,0.593512798,0.65341355,0.509239742,0.198455462,0.333333333,0,0.35341355
not,262577790,0.445675199,0.671723777,0.529579517,0.223682256,0,0,0.371723777
not,382626661,0.510701677,0.635364897,0.478862211,0.169585387,0.333333333,0,0.335364897
not,349096321,0.66092233,0.464556631,0.350628406,0.05935767,0.666666667,1,0.164556631
not,41231040,0.862643425,0.115616008,0.096663959,0.002326272,0.333333333,0,0.184383992
not,167338863,0.696171668,0.171854564,0.225036519,0.009590914,0.333333333,0,0.128145436
not,231079905,0.459543248,0.906144389,0.647214272,0.587820931,0.666666667,0.035954812,0.606144389
toi,122613513,0.601654898,0.417734763,0.418878318,0.07768542,0.666666667,0.008359678,0.117734763
not,277533870,0.321612974,0.429244049,0.429630069,0.073511799,0.333333333,0,0.129244049
toi,229811538,0.798609885,0.898770599,0.712819476,0.785697365,0.666666667,0.2131164,0.598770599
toi,359496368,0.561341571,0.282762229,0.302239251,0.027744517,0,0,0.017237771
not,278959348,0.475077229,0.892492807,0.666256445,0.598420807,0,0,0.592492807
toi,52368076,0.568259047,0.64452001,0.507592117,0.220582929,0.333333333,0,0.34452001
toi,61538902,0.697981024,0.826837562,0.699731903,0.634939438,0.333333333,0,0.526837562
not,177308913,0.613217123,0.166361496,0.204219121,0.008102613,0.333333333,0,0.133638504
not,300704414,0.502184466,0.699973843,0.440173339,0.176934078,0,0,0.399973843
not,67655714,0.458558032,0.193303688,0.251539376,0.012493075,0.333333333,0,0.106696312
not,220424856,0.577360989,0.552335862,0.430332907,0.110294655,0.333333333,0,0.252335862
not,231098372,0.508781995,0.825791263,0.711745695,0.569273044,0,0,0.525791263
not,36879392,0.349336937,0.217106984,0.27927987,0.016280769,1,0.027345284,0.082893016
not,149424264,0.54879744,0.899032174,0.618968264,0.534067668,0.666666667,0.032927592,0.599032174
not,234517584,0.343435569,0.348417473,0.402925703,0.049484026,0.333333333,0,0.048417473
not,267537284,0.260734775,0.933798064,0.753553412,0.82385947,0.333333333,0,0.633798064
not,149988104,0.669373345,0.124771122,0.11235022,0.002937447,0.333333333,0,0.175228878
not,382268851,0.803144307,0.129479466,0.091525849,0.002346797,0.666666667,0.037549884,0.170520534
toi,140691463,0.768843778,0.738163746,0.684831455,0.483740876,0,0,0.438163746
not,32550424,0.618159753,0.15537536,0.101457622,0.003027174,0.333333333,0,0.14462464
not,382200572,0.32902692,0.85113785,0.784330473,0.722622705,0.666666667,0.145178711,0.55113785
not,300708192,0.461639453,0.884645566,0.71744231,0.669524831,0.333333333,0,0.584645566
not,170274241,0.428089144,0.562385561,0.484209499,0.13880938,0.333333333,0,0.262385561
not,176933645,0.726279788,0.208998169,0.258062942,0.013915194,0.333333333,0,0.091001831
not,453101363,0.566835834,0.764582788,0.585150451,0.343380154,0.666666667,0.135385531,0.464582788
not,260843977,0.409819064,0.675908972,0.56235144,0.251109338,0.333333333,0,0.375908972
not,170867837,0.406674757,0.487052053,0.314032708,0.053646314,0.333333333,0,0.187052053
not,179517557,0.707921447,0.218938007,0.264396155,0.015074626,0.666666667,0.116382786,0.081061993
toi,234994474,0.461383495,0.243264452,0.329610197,0.027132348,0.333333333,0,0.056735548
not,260046328,0.338073698,0.823698666,0.68900107,0.534404834,0.333333333,0,0.523698666
not,375063320,0.261154016,0.895108553,0.850507431,0.93329428,0.333333333,0,0.595108553
not,150431839,0.372274934,0.952393408,0.818719342,1,0.333333333,0,0.652393408
not,60552999,0.403254634,0.30630395,0.357306763,0.034633707,0.333333333,0,0.00630395
not,150064391,0.247958959,0.863769291,0.651369942,0.535465579,0.666666667,0.067818626,0.563769291
toi,201604954,0.763779788,0.728223908,0.689914481,0.477050581,0.333333333,0,0.428223908
toi,178819686,0.494229921,0.707559508,0.545589307,0.298616027,0.333333333,0,0.407559508
not,279314081,0.28716902,0.600546691,0.462415239,0.144194177,0,0,0.300546691
not,231055581,0.465768976,0.12241695,0.114110802,0.002959321,0.333333333,0,0.17758305
not,364540782,0.340423654,0.917865551,0.778271283,0.840213888,0.333333333,0,0.617865551
toi,52280468,0.801467343,0.143342924,0.263723299,0.012322888,0.333333333,0,0.156657076
toi,92226327,0.689684466,0.091551138,0.063624986,0.001494516,0.333333333,0,0.208448862
not,261262184,0.580097087,0.326183625,0.390629521,0.043249875,0.333333333,0,0.026183625
not,349273158,0.330869373,0.769552707,0.959782036,0.844699325,0.333333333,0,0.469552707
toi,73228647,0.487091792,0.772168454,0.601292023,0.421330905,0,0,0.472168454
not,235048515,0.463185128,0.213444939,0.248606003,0.01339952,0.333333333,0,0.086555061
not,282501711,0.389977935,0.107768768,0.0950247,0.002184098,0.333333333,0,0.192231232
not,350862394,0.499657988,0.684802511,0.496650711,0.207941933,0,0,0.384802511
not,141121236,0.373841571,0.651059377,0.473587438,0.174193188,0.333333333,0,0.351059377
not,358290716,0.173852604,0.743395239,0.580942486,0.320327888,0.333333333,0,0.443395239
not,148337392,0.470123566,0.333246142,0.380405596,0.042523264,0.666666667,0.106217005,0.033246142
not,140943185,0.655240512,0.438399163,0.359549849,0.056578517,0.333333333,0,0.138399163
not,118608254,0.492451456,0.138896155,0.210796376,0.007463173,0.666666667,0.427677249,0.161103845
not,278727563,0.590059576,0.502223385,0.375346277,0.075055183,0.333333333,0,0.202223385
not,144155897,0.324922771,0.586803557,0.454746773,0.134496693,0.333333333,0,0.286803557
not,358510502,0.454313769,0.684540936,0.514064085,0.220400007,0.333333333,0,0.384540936
not,375058105,0.376522507,0.339523934,0.376555326,0.042818,0.333333333,0,0.039523934
not,439410069,0.199911739,0.684279362,0.510195686,0.217406054,0.333333333,0,0.384279362
not,257659158,0.366637246,0.52654983,0.444669969,0.107442008,0.333333333,0,0.22654983
toi,230982885,0.543005296,0.753335077,0.699885301,0.523842207,0.666666667,0.084564466,0.453335077
not,150299548,0.424304943,0.837038975,0.746762098,0.638403324,0.333333333,0,0.537038975
not,45464138,0.614276258,0.22861627,0.244010361,0.013899548,0.333333333,0,0.07138373
not,31814908,0.372495587,0.917603976,0.77668153,0.836595989,0,0,0.617603976
toi,360742636,0.683980583,0.752550353,0.63847063,0.444243357,0.333333333,0,0.452550353
not,406345385,0.412919241,0.526811405,0.329318742,0.06578124,0.333333333,0,0.226811405
not,44568897,0.885767873,0.001831023,0,2.85e-06,0.333333333,0,0.298168977
not,453833488,0.458735658,0.233847764,0.234933429,0.013423159,0.333333333,0,0.066152236
not,150358147,0.535569285,0.58749673,0.429878991,0.122652715,0.333333333,0,0.28749673
not,377018326,0.455847308,0.483390008,0.545408019,0.1323824,0.333333333,0,0.183390008
not,167571315,0.656487202,0.326105153,0.317714939,0.030942086,0,0,0.026105153
toi,101011575,0.391074581,0.491498823,0.352819894,0.075206414,0.333333333,0,0.191498823
not,32001057,0.218159753,0.845391054,0.891966518,0.899206475,0,0,0.545391054
not,149935360,0.504093116,0.522309704,0.398666839,0.088386099,0.333333333,0,0.222309704
toi,78055054,0.860359665,0.608422705,0.525435003,0.210489017,0,0,0.308422705
not,72923291,0.443065975,0.200627779,0.307108218,0.017608102,0.333333333,0,0.099372221
not,255563650,0.613305384,0.160083704,0.179607931,0.006541158,0.333333333,0,0.139916296
not,167721744,0.739872021,0.16714622,0.154489135,0.005485262,0.333333333,0,0.13285378
not,308841571,0.505806487,0.211352341,0.243688924,0.012882634,0.333333333,0,0.088647659
not,339961200,0.516935128,0.657598744,0.528903175,0.214357548,0.333333333,0,0.357598744
not,441493794,0.463191748,0.222338478,0.249822722,0.014024602,0.333333333,0,0.077661522
not,166675170,0.315677405,0.771122155,0.58239976,0.346551025,0.333333333,0,0.471122155
not,167343765,0.58505075,0.509024326,0.387056063,0.080680164,0.333333333,0,0.209024326
not,316976676,0.768038394,0.111169239,0.092893874,0.002165254,0.333333333,0,0.188830761
not,170636897,0.664320388,0.078995553,0.073860764,0.001377719,0.333333333,0,0.221004447
toi,309792357,0.550672992,0.618362543,0.525823377,0.217066027,0.333333333,0,0.318362543
not,73305532,0.553938658,0.188333769,0.205109522,0.009010952,0.333333333,0,0.111666231
not,176982916,0.616879965,0.371959194,0.367449806,0.046368466,0.333333333,0,0.071959194
not,413248763,0.407451456,0.176301334,0.164455074,0.00623555,0.333333333,0,0.123698666
not,134200185,0.480406002,0.427151452,0.437558613,0.075252179,0.333333333,0,0.127151452
not,167415965,0.326687996,0.661828407,0.469940768,0.177338298,0.333333333,0,0.361828407
not,166841803,0.319814651,0.776157468,0.50704407,0.276479712,0.333333333,0,0.476157468
not,101101072,0.300198588,0.563104891,0.411209154,0.105733829,0,0,0.263104891
not,167754523,0.452978817,0.567617055,0.421266434,0.111603538,0.333333333,0,0.267617055
not,150360085,0.620697264,0.351556369,0.372411509,0.043976864,0.333333333,0,0.051556369
not,219221189,0.487953442,0.152498038,0.199034992,0.007316335,0.333333333,0,0.147501962
toi,92226327,0.689684466,0.091551138,0.063624986,0.001494516,0,0,0.208448862
not,349274787,0.530052957,0.714098875,0.66986128,0.379782278,0.333333333,0,0.414098875
not,269885278,0.141206973,0.728872613,0.533293822,0.265493422,0.333333333,0,0.428872613
toi,271596225,0.735503089,0.206905572,0.243634538,0.014531964,0.333333333,0,0.093094428
toi,120896927,0.360536187,0.617106984,0.500323877,0.198601894,0.333333333,0,0.317106984
toi,261867566,0.609477052,0.669892754,0.61072665,0.326899809,0.333333333,0,0.369892754
not,219228930,0.671822595,0.126602145,0.169679644,0.005138701,0.666666667,0.035103666,0.173397855
toi,50618703,0.507789056,0.36725085,0.375913149,0.054288824,0.666666667,0.140286007,0.06725085
not,348898884,0.605450132,0.635888046,0.468998072,0.163960028,0.333333333,0,0.335888046
not,206592394,0.315875993,0.727439184,0.529197419,0.260967071,0.333333333,0,0.427439184
not,219380615,0.480041924,0.633533874,0.483911769,0.171712181,0.333333333,0,0.333533874
not,177385959,0.709796999,0.121109077,0.124456747,0.003285159,0.333333333,0,0.178890923
not,234334027,0.425893645,0.551399425,0.466096075,0.125762593,0.333333333,0,0.251399425
not,140898575,0.182049868,0.72250327,0.755596384,0.48184112,0.333333333,0,0.42250327
not,238069953,0.152173433,0.943719592,0.700275766,0.739977255,0.333333333,0,0.643719592
not,391039604,0.58276699,0.021449124,0.004463162,7.92e-05,0.333333333,0,0.278550876
not,167006493,0.385238305,0.746010986,0.598060222,0.339373568,0.666666667,0.123384872,0.446010986
not,469970578,0.538941968,0.16766937,0.180724941,0.0068365,0,0,0.13233063
not,358049328,0.248521624,0.910643474,0.739120127,0.752547085,0.333333333,0,0.610643474
toi,32499655,0.937488967,0.529427151,0.530905706,0.168127598,0.333333333,0,0.229427151
toi,167600516,0.622760371,0.392545122,0.367309657,0.057266169,0.333333333,0,0.092545122
not,79611981,0.487961165,0.023280146,0.02193162,0.00025758,0.666666667,0.059744556,0.276719854
toi,151825527,0.731034863,0.220507455,0.292697943,0.020431256,0.333333333,0,0.079492545
not,142017826,0.478067079,0.828482867,0.729776842,0.599401996,0.333333333,0,0.528482867
not,344173871,0.37886143,0.659105415,0.527335734,0.214190101,0.333333333,0,0.359105415
not,300038122,0.575937776,0.750980905,0.555410216,0.302397127,0.333333333,0,0.450980905
toi,425997655,0.40859444,0.522364635,0.395408542,0.100043711,0.333333333,0,0.222364635
not,179013510,0.23380406,0.799186503,0.616834648,0.412536575,0.666666667,0.063413716,0.499186503
not,259373187,0.72163504,0.132879937,0.084891419,0.002190258,0.333333333,0,0.167120063
not,167796443,0.30896955,0.849353911,0.885063642,0.895482502,0,0,0.549353911
not,468889408,0.721226831,0.080041852,0.031657701,0.000601667,0.333333333,0,0.219958148
not,157008163,0.62919241,0.146220246,0.189866021,0.006633026,0.333333333,0,0.153779754
not,177307808,0.585834069,0.396259482,0.305646761,0.037679826,0.333333333,0,0.096259482
not,271642710,0.605185349,0.720115093,0.448442147,0.193015733,0,0,0.420115093
toi,309257814,0.729788173,0.622547737,0.685368345,0.349364505,0.333333333,0,0.322547737
not,249076418,0.196160635,0.537797541,0.365141178,0.080406643,0.333333333,0,0.237797541
toi,460984940,0.408859223,0.692649752,0.538304333,0.279889333,0.333333333,0,0.392649752
not,183799419,0.302416152,0.770782108,0.544931791,0.308507777,1,0.042055532,0.470782108
not,176958231,0.341295234,0.813497253,0.605567622,0.41452926,0.333333333,0,0.513497253
not,238135340,0.455990733,0.71043683,0.524253147,0.245050589,0.666666667,0.043408903,0.41043683
not,179040880,0.567872904,0.249019095,0.362920404,0.028271206,0,0,0.050980905
not,382159772,0.515545013,0.63915773,0.693840056,0.326921177,0.333333333,0,0.33915773
not,422382572,0.478720212,0.15877583,0.172246258,0.006128528,0.333333333,0,0.14122417
not,124403080,0.241328332,0.607334554,0.522233185,0.181036131,0.666666667,0.104355863,0.307334554
not,260004324,0.562113857,0.20402825,0.264807539,0.014169242,0.333333333,0,0.09597175
toi,55652896,0.7201015,0.57801988,0.472359563,0.160144807,0.666666667,0.057310986,0.27801988
not,200748029,0.295487643,0.646361496,0.470425364,0.16990361,0.333333333,0,0.346361496
not,177237464,0.621083407,0.245618624,0.266494211,0.01707504,0.333333333,0,0.054381376
not,49772010,0.410039718,0.240387131,0.306245707,0.020758894,0.333333333,0,0.059612869
toi,259377017,0.601312886,0.187287471,0.174365929,0.008202874,0.666666667,0.058041203,0.112712529
not,349275562,0.4505406,0.834423228,0.698867301,0.563336659,0,0,0.534423228
not,141621885,0.806729921,0.133403087,0.132351126,0.003788752,0.333333333,0,0.166596913
toi,164767175,0.48640887,0.776353649,0.554065201,0.369500217,0.333333333,0,0.476353649
not,439411675,0.409234334,0.483913157,0.346202198,0.062017867,0.333333333,0,0.183913157
not,309755442,0.47396293,0.873476327,0.805673606,0.802102828,0.333333333,0,0.573476327
not,299832383,0.556023831,0.606068533,0.495246429,0.164692321,0.333333333,0,0.306068533
not,114308371,0.654435128,0.113784986,0.073520501,0.001680077,0.333333333,0,0.186215014
not,262710157,0.57641218,0.180486529,0.201117011,0.008452469,0.333333333,0,0.119513471
not,289113766,0.800286849,0,5.93e-05,0,0.333333333,0,0.3
not,396742364,0.497438217,0.168715668,0.189358416,0.007342286,0.333333333,0,0.131284332
not,350820908,0.834112974,0.122678525,0.125762018,0.003356899,0.333333333,0,0.177321475
not,349568905,0.916791703,0.121893801,0.076320001,0.001831616,0,0,0.178106199
not,220421191,0.315666372,0.776855872,0.794015416,0.609880643,0.333333333,0,0.476855872
not,350655701,0.919119594,0.119016479,0.080785254,0.001921329,0,0,0.180983521
not,201792346,0.803740071,0.039497777,0.025051859,0.00034694,0.333333333,0,0.260502223
not,279055830,0.465048544,0.816113,0.640660026,0.460751233,0.666666667,0.079707643,0.516113
not,333680372,0.470984113,0.162961025,0.243784449,0.010390148,0.333333333,0,0.137038975
not,288158059,0.361341571,0.558723516,0.429456451,0.112121788,0.666666667,0.035115922,0.258723516
not,307715447,0.472087379,0.343709129,0.430386596,0.054271018,0.333333333,0,0.043709129
not,178872239,0.526569947,0.170808266,0.22731656,0.009690321,0.333333333,0,0.129191734
toi,172464366,0.666758605,0.839916296,0.882685985,0.997622742,0.333333333,0,0.539916296
toi,150428135,0.646778464,0.177347633,0.205811663,0.009929395,0.333333333,0,0.122652367
toi,359271092,0.289159312,0.243002877,0.279595031,0.020906403,0.333333333,0,0.056997123
not,260947637,0.413636364,0.672430029,0.602220076,0.280169211,0.333333333,0,0.372430029
not,150389853,0.436860106,0.825791263,0.760344725,0.640729387,0.333333333,0,0.525791263
not,294208238,0.627559576,0.392100445,0.387857215,0.054468392,0.333333333,0,0.092100445
toi,52368076,0.568259047,0.64452001,0.507592117,0.220582929,0.333333333,0,0.34452001
toi,276128561,0.608395852,0.63667277,0.574960692,0.267340292,0,0,0.33667277
not,220017951,0.034311562,0.620585927,0.464523754,0.154234888,0.333333333,0,0.320585927
toi,447283466,0.31532436,0.475542767,0.390606512,0.084214113,0.333333333,0,0.175542767
not,260269838,0.408925419,0.826366728,0.953597339,0.968056416,0.333333333,0,0.526366728
not,49669659,0.188195057,0.765333508,0.565825887,0.324540183,0.333333333,0,0.465333508
not,425864448,0.344549868,0.595349202,0.45896938,0.140179635,0.666666667,0.107059222,0.295349202
not,141029787,0.373025154,0.748995553,0.633875685,0.378880644,0.333333333,0,0.448995553
not,372914091,0,0.825286424,0.653350161,0.488368492,0.333333333,0,0.525286424
not,24695017,0.384201236,0.617316244,0.456420197,0.148282592,0.333333333,0,0.317316244
not,166788138,0.535433583,0.117185456,0.243498572,0.008353631,0.333333333,0,0.182814544
not,309616959,0.604148279,0.41250327,0.389746093,0.059009139,0.333333333,0,0.11250327
not,80417903,0.495860547,0.227831546,0.275140236,0.016649908,0.333333333,0,0.072168454
toi,161477033,0.553133274,0.646089459,0.526565262,0.235985919,0.333333333,0,0.346089459
not,120454069,0.437481244,0.222076903,0.259016096,0.014803302,0.333333333,0,0.077923097
not,197907719,0.403839365,0.811666231,0.585064688,0.388472812,0.333333333,0,0.511666231
not,100940603,0.315214034,0.618006801,0.483487835,0.163800537,0.333333333,0,0.318006801
toi,261257684,0.639695499,0.244572325,0.284589506,0.021629774,0.333333333,0,0.055427675
not,358289822,0.380450132,0.396024065,0.402644708,0.05875153,0,0,0.096024065
not,112603237,0.630681818,0.07376406,0.119556403,0.002417977,0.333333333,0,0.22623594
not,38515255,0.614276258,0.362804081,0.350131956,0.041464792,0.333333333,0,0.062804081
toi,279251651,0.61129744,0.238032958,0.300487036,0.022920558,0.333333333,0,0.061967042
toi,425997655,0.40859444,0.522364635,0.395408542,0.100043711,0.333333333,0,0.222364635
not,294054503,0.554953663,0.84514779,0.565772895,0.399235587,0.333333333,0,0.54514779
not,279160979,0.488834951,0.653151975,0.669170993,0.319237593,0,0,0.353151975
not,88478720,0.634157105,0.164530473,0.125508215,0.004119174,0.333333333,0,0.135469527
toi,131081852,0.541670455,0.851687157,0.792767321,0.845872469,0.666666667,0.140191769,0.551687157
not,238034112,0.873620918,0.077426105,0.035883795,0.000656784,0.333333333,0,0.222573895
not,36892736,0.412356575,0.486790479,0.310904102,0.05276135,0.333333333,0,0.186790479
not,177022232,0.367508826,0.874182579,0.736609991,0.683897929,0.666666667,0.892492582,0.574182579
not,278409390,0.375507502,0.855087628,0.713942065,0.616593645,0.333333333,0,0.555087628
not,160116798,0.30390556,0.654075334,0.480523782,0.180101539,0.333333333,0,0.354075334
not,349273907,0.214563107,0.889552707,0.801092607,0.82607567,0.333333333,0,0.589552707
not,101011575,0.391074581,0.491498823,0.352819894,0.065551664,0.333333333,0,0.191498823
not,38516712,0.501610768,0.882814544,0.725223733,0.679476894,0.333333333,0,0.582814544
not,33105293,0.395194175,0.175778185,0.272446023,0.013068075,0.333333333,0,0.124221815
not,232048034,0.472517652,0.362464033,0.332317658,0.038077606,0.333333333,0,0.062464033
not,277103955,0.468325243,0.48182056,0.459605978,0.098287398,0.333333333,0,0.18182056
toi,299799658,0.488768756,0.631964426,0.532045029,0.230547935,0.333333333,0,0.331964426
toi,437333618,0.819086496,0.772953178,0.693240412,0.54270676,0.333333333,0,0.472953178
not,30848801,0.391548985,0.773476327,0.795256539,0.606152882,0,0,0.473476327
not,286757549,0.734576346,0.135495684,0.064311787,0.00164502,0.333333333,0,0.164504316
not,143047975,0.335536187,0.39330892,0.352700663,0.046850347,0.666666667,0.019088051,0.09330892
not,150139182,0.492578332,0.247972796,0.313276879,0.022207152,0.333333333,0,0.052027204
toi,360156606,0.96582083,0.062516348,0.221027971,0.006305641,0.333333333,0,0.237483652
toi,52204645,0.640633274,0.549306827,0.431251198,0.125765307,0,0,0.249306827
not,277298771,0.595410415,0.275699712,0.424123108,0.040752199,0.333333333,0,0.024300288
toi,278683844,0.466802736,0.605283809,0.484855162,0.181752435,0.333333333,0,0.305283809
not,287488930,0.505227273,0.166099922,0.189670789,0.007271178,0.666666667,0.068526147,0.133900078
not,111267568,0.335525154,0.525372744,0.462498911,0.114367537,0.333333333,0,0.225372744
toi,407126408,0.504225508,0.563170285,0.424108466,0.127686232,0.333333333,0,0.263170285
not,38459760,0.689397617,0.167930944,0.22802149,0.009608265,0.333333333,0,0.132069056
toi,30122649,0.553629744,0.611561601,0.494296761,0.191364044,0.333333333,0,0.311561601
not,294208421,0.70951015,0.198273607,0.171327269,0.007291787,0.333333333,0,0.101726393
not,150359500,0.518538173,0.122940099,0.167732196,0.004965042,0.333333333,0,0.177059901
not,279356932,0.635458959,0.353125817,0.385462127,0.046802993,0.333333333,0,0.053125817
not,300867814,0.444152692,0.907925713,0.670816526,0.628989211,0.333333333,0,0.607925713
not,391893148,0.493523831,0.743703897,0.638366041,0.378182068,0.333333333,0,0.443703897
toi,211438925,0.573720212,0.774182579,0.961811063,0.984313554,0.333333333,0,0.474182579
not,234994474,0.461383495,0.243264452,0.329610197,0.023621997,0.333333333,0,0.056735548
toi,238176110,0.661573257,0.554381376,0.545515397,0.190526983,0.333333333,0,0.254381376
not,278683844,0.466802736,0.605283809,0.484855162,0.158479384,0.333333333,0,0.305283809
not,238872406,0.472694175,0.566309181,0.458961013,0.128316337,0.666666667,0.150702334,0.266309181
toi,143350972,0.290600177,0.773073502,0.620934538,0.446824783,0.333333333,0,0.473073502
toi,238086647,0.376820388,0.802249542,0.81480074,0.78316513,0.333333333,0,0.502249542
toi,120610833,0.711904237,0.649228355,0.523238634,0.235558838,0.666666667,0.024377106,0.349228355
